time,seconds_elapsed,z,y,x
1.68E+18,0.061775146,0.06282711,0.022128562,-0.02280435
1.68E+18,0.071775146,0.036491394,-0.001881896,-0.010745533
1.68E+18,0.081775146,0.06282711,0.026743937,-0.022762649
1.68E+18,0.091775146,0.101135254,0.009863261,-0.032205567
1.68E+18,0.101775391,0.060433388,0.012215944,-0.020249084
1.68E+18,0.111775635,0.070011139,0.031223489,-0.017757371
1.68E+18,0.121775391,0.03888607,-0.016833149,-0.027292632
1.68E+18,0.131775635,0.05325222,0.021366937,0.013501469
1.68E+18,0.141776611,0.060434341,0.037912581,-0.022384673
1.68E+18,0.151776855,0.031703949,0.004245024,-0.015123904
1.68E+18,0.161776855,0.086771011,0.018564414,-0.017413571
1.68E+18,0.171776855,0.053253174,0.023248557,-0.026878387
1.68E+18,0.181774658,0.055648804,0.006482215,-0.024226323
1.68E+18,0.191774414,0.077198029,0.030370725,-0.019233473
1.68E+18,0.201774658,0.038892746,0.042208452,-0.02382715
1.68E+18,0.211774414,0.070017815,0.020490598,0.002728201
1.68E+18,0.221774658,0.055651665,0.025042892,-0.009232789
1.68E+18,0.231774414,0.017345428,0.015322465,0.012431994
1.68E+18,0.241774658,0.048472404,0.01769742,0.005568124
1.68E+18,0.251774414,0.029324532,0.019851208,0.006329969
1.68E+18,0.261774658,-0.016158104,0.033981554,0.0361773
1.68E+18,0.271774414,0.072441101,-0.007029176,0.049926948
1.68E+18,0.281774658,0.170622826,-0.009534825,0.126711339
1.68E+18,0.291774414,0.390918732,0.01690124,0.122975484
1.68E+18,0.301774658,0.606440544,0.012494648,0.104085356
1.68E+18,0.311774414,0.697497368,0.006851454,0.030544713
1.68E+18,0.321774658,0.817315102,-0.028846517,-0.464624465
1.68E+18,0.331774414,0.805498123,0.018006908,-0.088079453
1.68E+18,0.341774658,0.784123421,-0.017968748,-0.046812385
1.68E+18,0.351774414,0.959104538,0.020820746,-0.24184297
1.68E+18,0.361774658,0.935406685,0.363905519,0.129360005
1.68E+18,0.371774414,0.88779068,0.275539398,0.033705384
1.68E+18,0.381773682,17.18842125,0.824038327,-1.318072081
1.68E+18,0.391773682,-7.891637325,0.193638369,-0.146360636
1.68E+18,0.401773682,-7.018125534,-0.546249747,-0.426777959
1.68E+18,0.411773682,5.666185379,0.09260124,-0.681577921
1.68E+18,0.421773682,-0.439489365,0.520564377,0.334260881
1.68E+18,0.431773682,8.289998055,-0.55604142,0.158231303
1.68E+18,0.441773438,-2.043413639,0.117983982,0.794820964
1.68E+18,0.451773438,1.691514015,0.236089051,0.63203764
1.68E+18,0.461773438,0.740991592,0.005972702,-0.03308434
1.68E+18,0.471773438,-0.695497513,0.271627426,0.177920625
1.68E+18,0.48177417,0.604580879,0.154072613,0.194745332
1.68E+18,0.49177417,0.120958328,-0.016801193,-0.053376697
1.68E+18,0.50177417,0.281393051,0.076082334,-0.599605083
1.68E+18,0.51177417,0.128176689,0.075902537,-0.212955356
1.68E+18,0.52177417,-0.037034988,-0.002933282,0.061323173
1.68E+18,0.53177417,-0.003527641,-0.009966835,0.086686403
1.68E+18,0.541774414,0.111390114,0.026464634,0.050141424
1.68E+18,0.55177417,-0.037051201,-0.025623269,0.133613884
1.68E+18,0.561774414,0.116182327,0.012934659,-0.048104025
1.68E+18,0.57177417,0.185623169,-0.051335834,-0.243887484
1.68E+18,0.581773438,0.030000687,-0.036878496,0.076923482
1.68E+18,0.591773438,0.053933144,0.003857009,0.059347078
1.68E+18,0.601773438,-0.010720253,0.023018386,0.039438382
1.68E+18,0.611773438,-0.010727882,0.01566124,0.13228178
1.68E+18,0.621773438,0.032366753,-0.003448635,0.103424706
1.68E+18,0.631773438,-0.005936623,0.056219451,-0.207358018
1.68E+18,0.641773438,0.118571281,0.068359055,-0.398165971
1.68E+18,0.651773438,-0.037037849,0.04687608,0.07208024
1.68E+18,0.661773438,0.046751022,0.049149327,-0.170249999
1.68E+18,0.671773438,0.015629768,-0.072787784,-0.069618359
1.68E+18,0.681774414,0.003646851,-0.144466013,0.096982643
1.68E+18,0.69177417,-0.00114727,-0.034074835,0.101215795
1.68E+18,0.701774414,0.015605927,0.083091334,0.062393259
1.68E+18,0.71177417,0.06109333,0.085252874,0.088743135
1.68E+18,0.721774414,0.123345375,0.027496133,-0.126313478
1.68E+18,0.73177417,0.137720108,0.089585096,-0.08000496
1.68E+18,0.741774414,0.176032066,0.067816034,-0.144118741
1.68E+18,0.75177417,0.161669731,0.022315715,-0.139130235
1.68E+18,0.761774414,0.085057259,-0.022943385,0.08122091
1.68E+18,0.77177417,0.087441444,-0.022662982,0.135234073
1.68E+18,0.781773438,0.065894127,-0.027070835,0.118337043
1.68E+18,0.791773438,0.073080063,0.028223086,0.06582725
1.68E+18,0.801773438,0.214344978,0.006817374,-0.292888284
1.68E+18,0.811773438,0.056337357,0.047563769,0.081453845
1.68E+18,0.821773438,0.068303108,0.008982442,0.033215098
1.68E+18,0.831773438,0.099428177,-0.065142848,-0.098361164
1.68E+18,0.841773438,0.039577484,-0.038654275,0.167610049
1.68E+18,0.851773438,0.039573669,-0.038649574,0.167232007
1.68E+18,0.861773438,0.111394882,0.006634053,-0.125068873
1.68E+18,0.871773438,0.058727264,-0.043617934,-0.038564116
1.68E+18,0.881774414,0.075480461,0.021032203,-0.027069435
1.68E+18,0.89177417,0.092238426,-0.120182887,-0.039166503
1.68E+18,0.901774414,0.053931236,0.014138091,0.061292939
1.68E+18,0.91177417,0.056319237,0.047201626,-0.001246892
1.68E+18,0.921774414,0.085047722,-0.027453467,-0.06095767
1.68E+18,0.93177417,0.077869415,0.120947778,-0.070250116
1.68E+18,0.941774414,0.085048676,-0.044482365,-0.036816031
1.68E+18,0.95177417,0.073077202,0.008216515,-0.024928138
1.68E+18,0.961774414,0.032375336,0.015299372,0.075623363
1.68E+18,0.97177417,0.077859879,-0.006514996,0.003480636
1.68E+18,0.981773438,0.044342041,0.144201428,-0.027507387
1.68E+18,0.991773193,0.106588364,0.035887577,-0.082428344
1.68E+18,1.001773193,0.073073387,0.038183011,-0.065396145
1.68E+18,1.011773193,0.061101913,0.021019988,0.047350168
1.68E+18,1.021773193,0.085040092,0.083010063,-0.005461872
1.68E+18,1.031773193,0.063491821,0.092243619,-0.012553647
1.68E+18,1.041773193,0.051517487,0.031894557,-0.086759627
1.68E+18,1.051773193,0.085038185,-0.009176619,-0.067293048
1.68E+18,1.061773193,0.039550781,-0.018785227,0.01908122
1.68E+18,1.071773193,0.05391407,-0.057097111,0.040450633
1.68E+18,1.08177417,0.037153244,0.012382828,0.025998399
1.68E+18,1.091773926,0.094613075,0.031484038,-0.048313476
1.68E+18,1.10177417,0.070672035,-0.021265138,-0.05055742
1.68E+18,1.111773926,0.044335365,-0.004441351,0.030736312
1.68E+18,1.12177417,0.070668221,-0.049906988,0.013735071
1.68E+18,1.131773926,0.063484192,-0.018649485,-0.036721937
1.68E+18,1.14177417,0.065876961,0.029182713,-0.041581385
1.68E+18,1.151773926,0.080241203,-0.014054362,-0.046388365
1.68E+18,1.16177417,0.034751892,0.031330399,0.006379128
1.68E+18,1.171773926,0.037143707,-0.040580623,0.01579041
1.68E+18,1.181773193,0.073056221,-0.004775465,-0.008194193
1.68E+18,1.191773193,0.053899765,0.035767879,-0.027483173
1.68E+18,1.201773193,0.101781845,0.016429313,-0.029929586
1.68E+18,1.211772705,0.070653915,0.04249382,0.02743274
1.68E+18,1.221772949,0.053892136,0.011040866,0.001026772
1.68E+18,1.231772705,0.080227852,0.042013325,-0.006113313
1.68E+18,1.241772949,0.058680534,0.051457621,-0.065928817
1.68E+18,1.251772705,0.065861702,-0.001499135,-0.020357184
1.68E+18,1.261772949,0.029947281,0.024669934,0.017895736
1.68E+18,1.271772705,0.03951931,0.024440996,-0.001461506
1.68E+18,1.281773682,0.08979702,0.079402305,-0.044601105
1.68E+18,1.291773926,0.07543087,0.040810756,-0.032548279
1.68E+18,1.301773926,0.061063766,-0.007126544,-0.011091672
1.68E+18,1.311773926,0.082609177,-0.043060318,0.04370039
1.68E+18,1.321773926,0.080212593,-0.026379243,-0.009099193
1.68E+18,1.331773682,0.070631981,-0.002385486,-0.052520268
1.68E+18,1.341773926,0.056263924,-0.045560859,-0.019148581
1.68E+18,1.351773682,0.046683311,-0.119903967,0.009282447
1.68E+18,1.361773926,0.04668045,-0.1223353,-0.012517698
1.68E+18,1.371773682,0.075407982,-0.12238811,-0.017397583
1.68E+18,1.381772949,0.068226814,-0.071943469,0.025613643
1.68E+18,1.391772949,0.058649063,0.011943068,0.01356931
1.68E+18,1.401772949,0.034707069,-0.03120026,-0.039155312
1.68E+18,1.411772949,0.061041832,-0.057743937,0.004010923
1.68E+18,1.421772949,0.063436508,-0.146463379,0.001656868
1.68E+18,1.431772949,0.063441277,-0.043162055,0.009064794
1.68E+18,1.441772949,0.082593918,-0.000167537,0.047367617
1.68E+18,1.451772949,0.061042786,0.083186284,0.020978436
1.68E+18,1.461772949,0.137653351,0.111151241,-0.11064785
1.68E+18,1.471772949,0.33398056,0.153486922,0.007158279
1.68E+18,1.481773926,0.58536911,0.076131143,0.026521474
1.68E+18,1.491773682,0.793669701,-0.005563024,-0.080659077
1.68E+18,1.501773926,0.973249435,0.049311634,-0.050669722
1.68E+18,1.511773926,1.191135406,0.108543694,-0.137972116
1.68E+18,1.52177417,1.337199211,0.129638404,-0.232063919
1.68E+18,1.531773926,1.600580215,-0.110520482,-0.464916646
1.68E+18,1.545372559,1.466528893,0.210086703,0.114039332
1.68E+18,1.555372314,1.583826065,0.031580001,-0.03056246
1.68E+18,1.565372559,1.500023842,0.364325941,0.359341621
1.68E+18,1.575372314,1.598172188,0.04518649,0.267477423
1.68E+18,1.585371338,1.804074287,-0.191492021,0.190832093
1.68E+18,1.595371582,1.856757164,0.261308014,0.229809523
1.68E+18,1.605371338,2.158421516,0.097365946,-0.136433765
1.68E+18,1.615371582,2.021965027,0.22427842,0.046552531
1.68E+18,1.625371826,2.201529503,-0.063271314,-0.149814472
1.68E+18,1.635371582,2.201542854,-0.062360562,-0.149079666
1.68E+18,1.645371826,2.172812462,0.052579366,-0.094077095
1.68E+18,1.655371582,2.235070229,-0.071232982,-0.266028285
1.68E+18,1.665371826,2.211139679,-0.034794457,-0.112183139
1.68E+18,1.675371582,2.275780678,-0.111228406,-0.145926163
1.68E+18,1.685372559,2.254239082,-0.048452519,-0.131362319
1.68E+18,1.695372559,2.254236221,-0.010317709,-0.073994726
1.68E+18,1.705372559,2.196772575,-0.185146466,0.074215107
1.68E+18,1.715372559,2.230293274,-0.09926153,0.131921306
1.68E+18,1.725372559,2.299730301,0.371491969,0.003503695
1.68E+18,1.735372559,2.192009926,0.023734409,0.582082868
1.68E+18,1.745372559,2.38597393,-0.61275202,-0.011672691
1.68E+18,1.755372559,2.55123806,0.195024416,-0.596460044
1.68E+18,1.765372559,2.455513954,-0.829214513,-0.607090592
1.68E+18,1.775372559,2.21369648,0.409125447,-0.07029295
1.68E+18,1.785371826,2.457845688,0.472009838,-0.073082268
1.68E+18,1.795371582,2.500915527,-0.452504337,0.478245437
1.68E+18,1.805371826,2.589464188,0.1541567,0.032401212
1.68E+18,1.815371582,2.575077057,0.187922612,0.069028765
1.68E+18,1.825371826,2.680426598,0.216434643,-0.268164337
1.68E+18,1.835371582,3.003652573,-1.84E-05,-0.303138077
1.68E+18,1.845371826,3.113800049,-0.03206129,-0.302582383
1.68E+18,1.855371582,2.848054886,-0.311741233,0.001372725
1.68E+18,1.865371826,2.690052032,-0.244695663,0.042211056
1.68E+18,1.875371582,2.318953514,-0.331095219,-0.194482252
1.68E+18,1.885372559,2.00532341,0.874701917,0.093862265
1.68E+18,1.895372314,2.005317688,0.874045789,0.093701795
1.68E+18,1.905372559,2.268697739,-0.404291123,0.376505762
1.68E+18,1.915372559,2.97500515,-0.358974785,-0.084241301
1.68E+18,1.925372559,2.943892479,0.369171441,-0.049084485
1.68E+18,1.935372559,2.843328476,0.140239164,-0.190339521
1.68E+18,1.945372559,2.714045525,-0.12115173,-0.024724796
1.68E+18,1.955372559,2.242396355,0.158102542,0.352005452
1.68E+18,1.965372559,2.196912766,0.351242512,-0.379949987
1.68E+18,1.975372314,2.383693695,-0.31491223,-0.229047269
1.68E+18,1.985371826,2.513011932,0.407027781,-0.155492708
1.68E+18,1.995371582,2.623147011,0.41847983,-0.1719376
1.68E+18,2.005371826,2.623169899,0.420316756,-0.171022654
1.68E+18,2.015371582,1.998304367,-0.200369418,0.093139149
1.68E+18,2.025371826,2.537035942,0.3125301,-0.4321419
1.68E+18,2.035371582,3.020668983,0.216720015,-0.292989522
1.68E+18,2.045371826,2.608899117,0.142058551,-0.289141119
1.68E+18,2.055371582,2.709452629,-0.427109748,-0.241672099
1.68E+18,2.065371826,2.130064011,0.12505202,-0.093255833
1.68E+18,2.075371582,1.81401062,0.096948355,0.11924313
1.68E+18,2.085372559,1.538681984,-0.315370798,0.170038551
1.68E+18,2.095372314,1.399808884,0.119575053,0.126609355
1.68E+18,2.105372559,0.81084919,0.026979454,0.031378508
1.68E+18,2.115372559,0.997592926,-0.393849611,0.107532993
1.68E+18,2.125372559,0.528333664,0.09377782,0.250966698
1.68E+18,2.135372559,0.473279953,0.153697148,-0.086724788
1.68E+18,2.145372559,0.320058823,-0.026705895,-0.043744579
1.68E+18,2.155372559,-0.4364748,-0.197236642,0.004591525
1.68E+18,2.165372559,0.231502533,0.233285517,-0.025231272
1.68E+18,2.175372559,-0.27365303,0.272152513,-0.094633922
1.68E+18,2.185371826,-0.280846596,0.279448658,-0.148100972
1.68E+18,2.195371582,-0.912891388,0.286918938,0.101278722
1.68E+18,2.205371826,-0.606467247,0.088074796,0.223628759
1.68E+18,2.215371582,-0.910525322,0.556084633,-0.087794229
1.68E+18,2.225371826,-0.88421917,0.072456725,-0.085135713
1.68E+18,2.235371582,-0.766928673,0.244461566,-0.132159173
1.68E+18,2.245371826,-2.258518696,0.182889491,0.018212289
1.68E+18,2.255371582,-2.043074131,0.039382134,0.123566493
1.68E+18,2.265371826,-1.956903458,0.23440735,0.153912559
1.68E+18,2.275371582,-1.801289558,0.616879582,0.050613344
1.68E+18,2.285372559,-1.918631554,0.18211022,0.13566941
1.68E+18,2.295372559,-2.320862293,0.43042773,-0.185127556
1.68E+18,2.305372559,-2.723125458,0.011138983,-0.114599392
1.68E+18,2.315372559,-3.082271099,-0.481024534,-0.007306233
1.68E+18,2.325372559,-3.16847086,-0.199378878,-0.213488609
1.68E+18,2.335372559,-3.443824768,-0.319293231,0.221936792
1.68E+18,2.345372559,-3.762303352,-0.082449965,0.482879102
1.68E+18,2.355372559,-3.719244003,0.106292814,0.672898412
1.68E+18,2.365372559,-3.472655296,0.301075548,0.114623949
1.68E+18,2.375372559,-3.374463558,-1.047521472,0.354129612
1.68E+18,2.385371826,-3.659344196,-0.510787189,-0.424376488
1.68E+18,2.395371582,-3.994495392,0.968268514,-0.217133164
1.68E+18,2.405371826,-4.226756573,-0.661291957,0.124974683
1.68E+18,2.415371582,-4.561922073,-0.200717151,-0.369322717
1.68E+18,2.425371826,-4.815673828,-0.680795252,0.183212474
1.68E+18,2.435371826,-4.966828823,0.38161248,0.450187355
1.68E+18,2.445371826,-5.041051865,-0.52162379,0.34718734
1.68E+18,2.455371826,-4.863549232,-0.094232365,0.107229784
1.68E+18,2.465371826,-5.184669971,-0.327283412,-0.294579864
1.68E+18,2.475371826,-5.498288155,0.015363645,-0.479942918
1.68E+18,2.485372559,-5.30913496,0.27264896,-0.077350825
1.68E+18,2.495372559,-5.340256691,-0.029059049,0.290764034
1.68E+18,2.505372559,-5.112836838,0.034452759,-0.003820464
1.68E+18,2.515372559,-4.952411175,-0.236479759,0.106545255
1.68E+18,2.525372559,-4.856328487,-0.02813413,0.120940022
1.68E+18,2.535372559,-4.595355988,-0.047583494,0.086888872
1.68E+18,2.545372559,-4.686314583,0.340158373,0.211878628
1.68E+18,2.555372559,-4.219449997,-0.535938501,0.097873867
1.68E+18,2.565372559,-4.056593895,0.590391278,-0.034344703
1.68E+18,2.575372559,-3.61605978,0.084227562,-0.039786369
1.68E+18,2.585371826,-3.158714771,0.092682198,-0.090651125
1.68E+18,2.595371826,-2.706192493,0.059642188,0.11016807
1.68E+18,2.605371826,-2.617591858,-0.058115162,0.220330521
1.68E+18,2.615371826,-1.990327835,-0.054416306,0.03162466
1.68E+18,2.625371826,-1.650326729,0.261227489,-0.056323379
1.68E+18,2.635371582,-1.305570602,0.055816893,-0.011749461
1.68E+18,2.645371826,-1.063767433,0.233118773,0.238742381
1.68E+18,2.655371582,-0.881837845,0.466438115,0.151272357
1.68E+18,2.665371826,-0.34076786,-0.307960331,-0.029033631
1.68E+18,2.675371582,-0.288089752,0.388129175,-0.018763825
1.68E+18,2.685372559,-0.084625244,0.282430381,-0.104064688
1.68E+18,2.695372559,0.178718567,-0.125795037,-0.205209136
1.68E+18,2.705372559,0.090119362,0.347460717,0.050456665
1.68E+18,2.715372559,0.197811127,0.021835905,0.045925424
1.68E+18,2.725372559,0.331866264,-0.081831962,-0.024630904
1.68E+18,2.735372559,0.370160103,0.441983461,0.063234888
1.68E+18,2.745372559,0.497027397,0.052857332,-0.009833694
1.68E+18,2.755372559,0.595191002,-0.125998288,-0.022033066
1.68E+18,2.765372559,0.609548569,-0.083122872,-0.19488129
1.68E+18,2.775372314,0.748408318,-0.202764004,-0.243155211
1.68E+18,2.785371338,0.688546181,-0.162081689,-0.073644444
1.68E+18,2.795371582,0.688526154,-0.162655979,-0.074793041
1.68E+18,2.805371338,0.590350151,0.282201946,0.056037731
1.68E+18,2.815371582,0.700454712,-0.11242608,-0.045697868
1.68E+18,2.825371338,0.645379066,-0.101455897,-0.050638482
1.68E+18,2.835371582,0.724376678,-0.29671526,-0.101138413
1.68E+18,2.845371338,0.765070915,0.195490465,-0.151408955
1.68E+18,2.855371582,0.678863525,-0.134638503,0.090205446
1.68E+18,2.865371338,0.446606636,0.167045102,0.659670711
1.68E+18,2.875371582,0.487269402,0.085074104,0.46644035
1.68E+18,2.885372559,0.465714455,-0.174372882,-0.08674667
1.68E+18,2.895372314,0.477710724,-0.380054742,-0.37459439
1.68E+18,2.905372559,0.504088402,0.116317824,-0.390829176
1.68E+18,2.915372314,0.422714233,-0.211677119,-0.189951718
1.68E+18,2.925372559,0.422746658,-0.210100472,-0.188227296
1.68E+18,2.935372314,0.444350243,0.138104171,-0.034876853
1.68E+18,2.945372559,0.36536026,-0.075973168,0.166977584
1.68E+18,2.955372314,0.238489151,0.470143884,0.308454394
1.68E+18,2.965372559,0.12597847,-0.267251879,0.488127828
1.68E+18,2.975372314,0.058979988,-0.310230225,0.500329316
1.68E+18,2.985371826,0.597700119,-0.463679373,-0.137232333
1.68E+18,2.995371582,0.614512444,-0.433707833,-0.382160902
1.68E+18,3.005371826,0.621716499,0.070356674,-0.524096131
1.68E+18,3.015371582,0.509188652,0.542043924,0.101686612
1.68E+18,3.025371826,0.145228386,-0.269319236,0.88372916
1.68E+18,3.035371582,0.243312836,0.734353542,0.185471401
1.68E+18,3.045371826,0.415643692,-0.277436256,-0.037826687
1.68E+18,3.055371582,0.353395462,0.221808821,-0.048217393
1.68E+18,3.065371826,0.420414925,0.202032343,-0.262289047
1.68E+18,3.075371582,0.525764465,-0.065222524,-0.437372714
1.68E+18,3.085372559,0.348586082,0.584010541,-0.11986997
1.68E+18,3.095372559,0.269542694,-0.313288748,0.062944353
1.68E+18,3.105372559,0.161801338,0.097824015,0.087882325
1.68E+18,3.115372559,0.152200699,0.138554677,0.140925527
1.68E+18,3.125372559,0.17852211,0.234415054,-0.142929167
1.68E+18,3.135372559,0.10429287,-0.055439286,-0.009526901
1.68E+18,3.145372559,0.125829697,0.164783657,-0.149312899
1.68E+18,3.155372559,0.25271225,-0.336259305,-0.449029267
1.68E+18,3.165372559,-0.032194138,0.473047048,-0.087219343
1.68E+18,3.175372559,-0.295602798,0.227905005,0.035744622
1.68E+18,3.185371826,-0.626015663,-0.407442153,0.44953236
1.68E+18,3.195371826,-0.879811287,0.456958771,0.345486045
1.68E+18,3.205371826,-1.073745728,0.323703706,0.102177657
1.68E+18,3.215371582,-1.35863018,-0.263597518,-0.256568581
1.68E+18,3.225371826,-1.600410461,-0.112710297,-0.35657686
1.68E+18,3.235371582,-2.146267891,0.432032615,-0.129052997
1.68E+18,3.245371826,-2.354566097,0.059401188,-0.295807928
1.68E+18,3.255371582,-2.883669376,0.114731908,0.081204541
1.68E+18,3.265371826,-3.403209209,-0.02159813,0.150592148
1.68E+18,3.275371582,-3.709666252,0.09571436,0.074055351
1.68E+18,3.285372559,-4.178917408,0.034015238,0.227991402
1.68E+18,3.295372559,-4.427895069,0.042179294,0.149901405
1.68E+18,3.305372559,-4.545189381,-0.266321868,0.120234467
1.68E+18,3.315372559,-4.609807014,0.04743186,-0.054947548
1.68E+18,3.325372559,-4.533186913,-0.269697726,-0.178226858
1.68E+18,3.335372559,-4.585848808,0.153339699,-0.277559042
1.68E+18,3.345372559,-4.810911179,0.02305048,0.143828601
1.68E+18,3.355372559,-4.7965765,0.1343918,0.182920113
1.68E+18,3.365372559,-4.830108643,-0.010100052,0.385838419
1.68E+18,3.375372559,-4.686475754,-0.071262367,0.401961803
1.68E+18,3.385371826,-4.413538456,-0.019682303,0.105526015
1.68E+18,3.395371582,-4.365634441,-0.142812923,-0.179599658
1.68E+18,3.405371826,-4.360845089,-0.168807626,-0.242962345
1.68E+18,3.415371582,-4.394368649,0.193231463,0.102425098
1.68E+18,3.425371826,-4.583531857,0.248682514,-0.125560686
1.68E+18,3.435371582,-4.420723915,-2.174036026,0.753113866
1.68E+18,3.445371826,-3.951441288,0.932919085,0.049820334
1.68E+18,3.455371582,-3.917922497,0.723325014,-0.042858481
1.68E+18,3.465371826,-3.194874763,-1.431904674,0.235020697
1.68E+18,3.475371582,-2.49095726,-0.151373848,-0.298302889
1.68E+18,3.485372559,-2.615460873,0.584235907,-0.248728424
1.68E+18,3.495372314,-2.869219303,-0.51978004,-0.058674574
1.68E+18,3.505372559,-2.845270634,-0.055287346,0.033819988
1.68E+18,3.515372314,-2.445445538,-0.482581228,0.001430035
1.68E+18,3.525372559,-1.83492136,-0.038135856,-0.044707745
1.68E+18,3.535372314,-1.590726852,-0.213858306,-0.277480602
1.68E+18,3.545372559,-1.154987335,0.137859926,-0.035890728
1.68E+18,3.555372559,-0.388875961,-0.168078169,-0.027803317
1.68E+18,3.565372559,-0.379307747,-0.242221206,0.048136942
1.68E+18,3.575372559,-0.343411446,-0.018611088,0.076439217
1.68E+18,3.585371826,-0.527769089,-0.120978177,0.065111704
1.68E+18,3.595371582,-0.099226952,-0.111058921,-0.064618871
1.68E+18,3.605371826,0.25031662,0.111671612,-0.174263209
1.68E+18,3.615371582,0.389185905,0.083936676,-0.074956372
1.68E+18,3.625371826,0.918298721,0.086424388,-0.12448664
1.68E+18,3.635371582,1.284626961,0.174368024,0.023090482
1.68E+18,3.645371826,1.255899429,0.343189657,-0.019307181
1.68E+18,3.655371582,1.097894669,0.268862218,-0.015863508
1.68E+18,3.665371826,0.923139572,0.042127635,0.021369874
1.68E+18,3.675371582,0.82982254,-0.58036083,-0.420941442
1.68E+18,3.685372559,0.664681435,0.419621557,-0.611358404
1.68E+18,3.695372559,0.279190063,0.937594414,0.007413372
1.68E+18,3.705372559,0.509016037,0.798835158,0.079927802
1.68E+18,3.715372559,0.2911129,-1.10428071,0.529543102
1.68E+18,3.725372559,0.274355888,0.183331773,0.797114015
1.68E+18,3.735372559,1.1960392,1.213341475,-0.143533602
1.68E+18,3.745372559,1.275027275,0.586539507,0.130111054
1.68E+18,3.755372559,1.926195145,-0.032532092,0.096060127
1.68E+18,3.765372559,1.950124741,-0.092474967,-0.115489036
1.68E+18,3.775372559,2.603709221,0.444037914,-0.134083405
1.68E+18,3.785371826,2.821557999,0.79145509,-0.238341361
1.68E+18,3.795371582,2.996277809,-0.647052348,0.104950458
1.68E+18,3.805371826,2.194214821,0.334188819,0.173961699
1.68E+18,3.815371582,2.076867104,-0.195736155,-0.084537961
1.68E+18,3.825371826,1.686620712,0.770798981,-0.2345898
1.68E+18,3.835371582,2.431210518,-0.899375618,-0.429222822
1.68E+18,3.845371338,3.015405655,-0.488108158,-0.27328366
1.68E+18,3.855371582,4.372876167,-1.030721903,-0.633005559
1.68E+18,3.865371338,3.618662834,1.87160778,0.182893097
1.68E+18,3.875371582,3.415076256,-0.060539119,0.679871261
1.68E+18,3.885372559,4.257786751,-0.144260764,0.395315379
1.68E+18,3.895372314,4.657633781,-0.818726957,-0.44426626
1.68E+18,3.905372559,4.686398506,-1.261074066,-0.458714843
1.68E+18,3.915372559,4.54274559,0.422775149,-0.257232279
1.68E+18,3.925372559,4.739049911,-0.016569002,-0.083401769
1.68E+18,3.935372559,4.250642776,0.506844342,0.008607998
1.68E+18,3.945372559,4.042356491,-0.46100539,-0.088572502
1.68E+18,3.955372559,3.738318443,-0.833421171,-0.064964294
1.68E+18,3.965372559,3.489340782,-0.614399135,-0.177932978
1.68E+18,3.975372559,3.058396339,0.271547347,-0.040067613
1.68E+18,3.985371826,2.900380135,0.597768545,0.216835946
1.68E+18,3.995371582,2.886030197,-1.648260713,1.147413254
1.68E+18,4.005371826,3.144627571,0.846209466,-0.136385471
1.68E+18,4.015371582,2.991428375,0.205391511,-0.854626119
1.68E+18,4.025371826,2.670651436,0.739713192,-0.717242479
1.68E+18,4.035371582,3.046510696,0.998489738,-0.619116247
1.68E+18,4.045371826,2.977046967,-1.069346547,0.790475488
1.68E+18,4.055371582,2.696879387,1.264238954,0.611053705
1.68E+18,4.065371826,2.974561691,-0.421288371,0.200073421
1.68E+18,4.075371582,2.811779022,0.567496598,-0.241383314
1.68E+18,4.085372559,2.969799042,-0.218806356,-0.559266031
1.68E+18,4.095372559,2.759130478,-0.363723725,-0.474011302
1.68E+18,4.105372559,2.73757267,0.294659078,-0.20902589
1.68E+18,4.115372559,2.54599762,-0.446215183,0.609069884
1.68E+18,4.125372559,2.474144936,0.98720324,0.089647964
1.68E+18,4.135372559,2.421449661,-0.402899295,0.234028861
1.68E+18,4.145372559,2.220338821,-0.18456699,-0.089216761
1.68E+18,4.155372559,2.100623131,-0.697737873,-0.089391977
1.68E+18,4.165372559,1.80374527,-0.530893624,0.073804349
1.68E+18,4.175372559,1.195611954,0.314296216,-0.03649167
1.68E+18,4.185371826,1.195598602,-0.276843637,-0.030135684
1.68E+18,4.195371826,0.628190041,1.262087226,-0.481349885
1.68E+18,4.205371826,0.568320274,-0.71938318,-0.195592567
1.68E+18,4.215371582,0.199607849,0.28810218,-0.008424819
1.68E+18,4.225371826,-0.197854042,-0.406807512,0.629698336
1.68E+18,4.235371582,-0.260107994,-0.425738037,0.407238305
1.68E+18,4.245371826,-0.501904488,-0.71828413,0.527133048
1.68E+18,4.255371582,-0.32711792,-0.025676984,-0.586565971
1.68E+18,4.265371826,-0.504259109,-0.270414561,-0.316336334
1.68E+18,4.275371582,-0.753241539,0.834834993,-0.583841264
1.68E+18,4.285372559,-0.975902557,-0.087496608,0.053192601
1.68E+18,4.295372559,-0.987883568,-0.163104504,0.174013451
1.68E+18,4.305372559,-1.007042885,-0.465762675,0.287650555
1.68E+18,4.315372559,-1.119576454,-0.079610303,0.087936074
1.68E+18,4.325372559,-0.90171814,0.280306876,-0.231025428
1.68E+18,4.335372559,-1.047771454,0.799625456,0.056788597
1.68E+18,4.345372314,-0.887378693,-0.634455323,0.087116644
1.68E+18,4.355372314,-0.734136581,-0.279077351,0.001700193
1.68E+18,4.365372314,-0.614431381,0.37607795,0.099810809
1.68E+18,4.375372314,-0.312766075,-0.183667526,-0.290022194
1.68E+18,4.385371338,-0.372610092,0.706171274,0.051406108
1.68E+18,4.395371582,-0.200237274,-0.151150137,0.084841505
1.68E+18,4.405371338,-0.056574821,0.416853368,-0.141797304
1.68E+18,4.415371582,0.010473251,0.028889554,0.175382167
1.68E+18,4.425371338,0.190059662,0.0566504,-0.237381727
1.68E+18,4.435371582,0.214031219,-0.301525563,-0.187040821
1.68E+18,4.445371338,0.374466896,-0.00188962,-0.520097911
1.68E+18,4.455371582,0.060851097,0.473681539,-0.124836549
1.68E+18,4.465371338,0.151836395,-0.048526395,0.053702231
1.68E+18,4.475371582,0.094386101,0.08119379,0.449611634
1.68E+18,4.485372314,0.115922928,-0.639412761,0.49164775
1.68E+18,4.495372314,0.135071754,0.249681816,0.150949791
1.68E+18,4.505372314,0.16380024,0.150463462,0.158308148
1.68E+18,4.515372314,0.293087959,0.209409103,-0.303379834
1.68E+18,4.525372314,0.264379501,-0.202676818,-0.246269271
1.68E+18,4.535372314,0.235661507,-0.283738792,-0.171129137
1.68E+18,4.545372314,0.113559723,0.08227931,-0.019934602
1.68E+18,4.555372314,0.05130291,0.181419849,-0.065649979
1.68E+18,4.565372314,0.032149315,-0.190476388,-0.127641439
1.68E+18,4.575372314,-0.075582504,-0.0401299,-0.055067457
1.68E+18,4.585371338,-0.109097481,0.014431164,0.019604921
1.68E+18,4.595371582,-0.224009514,0.06491223,0.099375151
1.68E+18,4.605371338,-0.291043282,0.181957558,0.32486698
1.68E+18,4.615371582,-0.274279594,-0.163161904,0.456957906
1.68E+18,4.625371338,-0.101906776,0.286005408,-0.159561515
1.68E+18,4.635371582,0.14950943,-0.411098778,-0.741467297
1.68E+18,4.645371826,0.137611389,0.058341764,-0.468188494
1.68E+18,4.655371582,-0.180768013,-0.002212588,-0.011651561
1.68E+18,4.665371826,-0.197502136,0.088332385,-0.122051731
1.68E+18,4.675371582,-0.283670425,0.171150967,-0.019504026
1.68E+18,4.685372559,-0.142407417,-0.206032246,-0.251091957
1.68E+18,4.695372314,-0.168708801,-0.367504507,0.18457602
1.68E+18,4.705372559,-0.139975548,0.309519202,0.062133573
1.68E+18,4.715372314,0.010838509,-0.172717065,-0.137843207
1.68E+18,4.725372559,-0.046607018,0.205732062,0.052386455
1.68E+18,4.735372314,-0.015499115,0.060552835,0.149747849
1.68E+18,4.745372559,-0.039448738,-0.269078851,0.278284669
1.68E+18,4.755372314,-0.14479351,0.24805066,0.141120449
1.68E+18,4.765372559,0.018013,-0.464867324,-0.186929122
1.68E+18,4.775372314,-0.034626007,-0.242165178,-0.17802833
1.68E+18,4.785371826,-0.187860489,-0.239007801,0.024790585
1.68E+18,4.795371582,-0.24053669,0.818376243,0.220388308
1.68E+18,4.805371826,0.017997742,-0.664353669,0.23754847
1.68E+18,4.815371582,-0.010730743,0.484796524,0.071803823
1.68E+18,4.825371826,0.010792732,-0.113757223,-0.08492662
1.68E+18,4.835371582,0.113741875,0.69008702,-0.293130457
1.68E+18,4.845371338,-0.123281479,0.023857044,-0.040115073
1.68E+18,4.855371582,0.029958725,-0.246932715,-0.37858808
1.68E+18,4.865371338,-0.274082184,-0.071408495,0.219678074
1.68E+18,4.875371582,-0.106500626,0.243457302,-0.097054854
1.68E+18,4.885372559,10.05720043,0.503432035,-0.107688412
1.68E+18,4.895372314,7.06444931,-0.660284817,-0.382941484
1.68E+18,4.905372559,1.152726173,-0.828761399,0.235838264
1.68E+18,4.915372559,-4.782499313,0.69280529,-0.664704382
1.68E+18,4.925372559,-0.942284584,1.76825738,0.200927213
1.68E+18,4.935372559,-1.797038078,1.093305826,0.603529811
1.68E+18,4.945372559,1.842041969,0.810166657,-0.831308067
1.68E+18,4.955372559,-0.54487896,-1.273976207,1.398976445
1.68E+18,4.965372559,0.235568047,1.821669698,-0.144982517
1.68E+18,4.975372314,3.079933167,0.323640823,1.026105881
1.68E+18,4.985371826,0.613930702,0.859316945,1.341750383
1.68E+18,4.995371582,-2.40996933,1.587893486,-0.480391055
1.68E+18,5.005371826,0.278707504,-2.126654625,0.118319139
1.68E+18,5.015371582,-0.523402214,1.810762286,0.034211293
1.68E+18,5.025371826,-1.03336525,-1.891390085,-1.317052722
1.68E+18,5.035371582,0.01295948,-0.736616075,-2.287767649
1.68E+18,5.045371826,1.744253159,1.414815784,-1.815962791
1.68E+18,5.055371582,1.452402115,-1.109794497,-0.999679625
1.68E+18,5.065371826,-0.240151405,0.624930501,-0.419756889
1.68E+18,5.075371582,-0.292654991,0.735539258,0.427111924
1.68E+18,5.085372559,-0.292755127,0.735163867,0.420891523
1.68E+18,5.095372314,-0.292930603,0.734943986,0.409502208
1.68E+18,5.105372559,-0.479782104,0.08174713,0.731823683
1.68E+18,5.115372559,0.504012108,-0.93008393,0.640141785
1.68E+18,5.125372559,0.161428452,0.259161115,-0.093299165
1.68E+18,5.135372559,0.127818108,0.081922844,0.028392062
1.68E+18,5.145372559,0.020030975,0.030388393,-0.081370145
1.68E+18,5.155372559,-0.190674782,0.018829215,-1.179350138
1.68E+18,5.165372559,0.577918053,-1.107447028,-2.20251298
1.68E+18,5.175372559,0.238119125,0.211595565,-0.979193568
1.68E+18,5.185371826,0.290960312,0.319835275,-1.051124334
1.68E+18,5.195371582,0.398941994,0.376433998,-1.258741856
1.68E+18,5.205371826,-0.192159653,-1.391790509,1.355237007
1.68E+18,5.215371582,-0.563251495,2.288019896,2.741197109
1.68E+18,5.225371826,-0.307269096,0.229541838,0.641021729
1.68E+18,5.235371582,-0.644962311,-1.667717695,1.674020171
1.68E+18,5.245371826,-0.566226959,-1.050680399,0.590868413
1.68E+18,5.255371582,-0.20970726,-0.714678228,-0.14414683
1.68E+18,5.265371826,-0.815548897,-0.246914417,-1.146366477
1.68E+18,5.275371582,-1.445208549,-0.07716646,-0.067912869
1.68E+18,5.285372559,-1.485884666,-0.026688125,-0.800142527
1.68E+18,5.295372559,-1.497760773,0.324195176,-1.802241921
1.68E+18,5.305372559,-1.56228447,-0.048131756,0.151271522
1.68E+18,5.315372559,-2.021927834,0.962122321,0.50634551
1.68E+18,5.325372559,-1.844723225,-0.772812605,0.372103691
1.68E+18,5.335372559,-1.844661236,-0.77502352,0.376357257
1.68E+18,5.345372559,6.271879196,2.086662769,0.972572684
1.68E+18,5.355372559,-5.398323059,1.983701706,0.913542151
1.68E+18,5.365372559,-4.651397228,-0.168620318,1.245485663
1.68E+18,5.375372559,-2.137629509,-0.089778602,-1.512992382
1.68E+18,5.385371826,7.710006714,-1.735974669,-0.208422869
1.68E+18,5.395371826,2.832847595,0.855422437,-1.164691687
1.68E+18,5.405371826,-1.679989815,0.922782123,-1.357747793
1.68E+18,5.415371826,0.32892704,0.00306765,1.200453043
1.68E+18,5.425371826,-0.767852783,-0.368095338,2.035556316
1.68E+18,5.435371826,0.996469498,-2.868541956,2.196434736
1.68E+18,5.445371826,-2.089756966,-1.48333931,0.402967781
1.68E+18,5.455371826,-0.444969177,-0.729354262,-0.255736828
1.68E+18,5.465371826,0.757002831,0.688793719,0.366032392
1.68E+18,5.475371826,-0.384969711,1.059353471,-1.050600886
1.68E+18,5.485372559,-0.495082855,0.270969361,0.149566561
1.68E+18,5.495372559,1.28137207,-0.358668506,-0.656177342
1.68E+18,5.505372559,-0.124059677,-0.959594905,-0.256287873
1.68E+18,5.515372559,-1.021868706,0.391807288,0.703772724
1.68E+18,5.525372559,-0.356320381,1.260590911,-0.787743568
1.68E+18,5.535372559,0.828840256,-0.594065487,-0.237060755
1.68E+18,5.545372559,0.496063232,-0.623838425,0.032306075
1.68E+18,5.555372559,-0.088127136,0.103194371,0.235348746
1.68E+18,5.565372559,-0.131237984,0.498848647,-0.068363622
1.68E+18,5.575372559,0.017194748,-0.367413968,0.016404826
1.68E+18,5.585371826,0.141700745,-0.186340079,-0.110629395
1.68E+18,5.595371582,0.211139679,-0.020852046,-0.261032492
1.68E+18,5.605371826,-0.037851334,0.181980878,-0.200453073
1.68E+18,5.615371582,0.089038849,-0.055588529,-0.121948361
1.68E+18,5.625371826,0.06270504,-0.147201195,-0.086005062
1.68E+18,5.635371582,0.101013184,-0.053789254,-0.078679174
1.68E+18,5.645371826,0.074676514,0.194978043,0.093716711
1.68E+18,5.655371582,-0.03545475,0.099710196,0.153142273
1.68E+18,5.665371826,0.067493439,-0.082970172,0.00125929
1.68E+18,5.675371582,0.132134438,-0.087019369,-0.008287173
1.68E+18,5.685372559,0.01242733,0.166897416,-0.005257044
1.68E+18,5.695372314,0.084255219,0.268469006,-0.163610488
1.68E+18,5.705372559,0.093834877,-0.03779909,-0.160617679
1.68E+18,5.715372314,0.079471588,-0.015440991,-0.095135882
1.68E+18,5.725372559,0.017225266,0.062606737,-0.10457769
1.68E+18,5.735372314,0.033988953,0.053062044,-0.001009498
1.68E+18,5.745372559,0.067507744,-0.064153373,0.106855042
1.68E+18,5.755372314,0.012439728,-0.018473184,0.058863476
1.68E+18,5.765372559,0.074688911,0.094250649,0.02056149
1.68E+18,5.775372314,0.072294235,-0.020228587,0.018230461
1.68E+18,5.785371338,0.022013664,-0.048307516,-0.087026641
1.68E+18,5.795371582,0.10102272,-0.033236705,-0.16817145
1.68E+18,5.805371338,0.043561935,-0.080366023,-0.136679411
1.68E+18,5.815371582,0.072292328,-0.213782519,-0.035849288
1.68E+18,5.825371338,0.029194832,-0.167278633,-0.043011401
1.68E+18,5.835371582,0.072291374,-0.062625036,0.027185135
1.68E+18,5.845371338,0.089053154,-0.078390673,0.042341433
1.68E+18,5.855371582,0.03637886,-0.132361278,0.02336815
1.68E+18,5.865371338,0.057924271,-0.066019297,0.00419588
1.68E+18,5.875371582,0.053135872,-0.050533663,-0.031443741
1.68E+18,5.885372559,0.067502975,-0.035559587,-0.064473294
1.68E+18,5.895372314,0.093839645,-0.058457084,-0.09027423
1.68E+18,5.905372559,0.036381721,-0.012073616,-0.082411878
1.68E+18,5.915372559,0.081875801,-0.028485619,-0.057789821
1.68E+18,5.925372559,0.062724113,-0.027873293,-0.045210674
1.68E+18,5.935372559,0.069909096,-0.044087939,-0.001648225
1.68E+18,5.945372559,0.041179657,0.001566775,0.032013398
1.68E+18,5.955372559,0.024420738,0.020741843,0.036743082
1.68E+18,5.965372559,0.045968056,0.015879776,0.012820836
1.68E+18,5.975372314,0.055545807,0.005936908,-0.022939164
1.68E+18,5.985371826,0.038787842,0.051167045,-0.08027491
1.68E+18,5.995371582,0.081884384,0.041502714,-0.075379074
1.68E+18,6.005371826,0.048366547,0.079505771,-0.068032041
1.68E+18,6.015371582,0.0770998,0.086364344,-0.041416608
1.68E+18,6.025371826,0.045976639,0.040868267,-0.007361159
1.68E+18,6.035371582,0.072315216,0.004932726,0.004810516
1.68E+18,6.045371826,0.036402702,-0.011863591,0.002603505
1.68E+18,6.055371582,0.074709892,0.000626815,-0.002063133
1.68E+18,6.065371826,0.074709892,-0.068309143,-0.02360234
1.68E+18,6.075371582,0.014854431,-0.110780723,-0.064354584
1.68E+18,6.085372559,0.110622406,-0.043071635,-0.040305972
1.68E+18,6.095372314,0.053161621,-0.009213492,-0.049798563
1.68E+18,6.105372559,0.048374176,-0.028078627,-0.013627816
1.68E+18,6.115372559,0.067528725,-0.025231943,0.010411806
1.68E+18,6.125372559,0.029220581,0.006098559,0.010297302
1.68E+18,6.135372559,0.055556297,-0.036779694,-0.008803505
1.68E+18,6.145372803,0.057950974,-0.067563608,-0.001580559
1.68E+18,6.155372559,0.038797379,-0.074351594,-0.008746881
1.68E+18,6.165372803,0.096258163,-0.052440703,-0.015791714
1.68E+18,6.175372559,0.041191101,-0.047401171,-0.034864772
1.68E+18,6.18537207,0.065134048,-0.068661742,-0.034800265
1.68E+18,6.19537207,0.089076996,-0.056265716,-0.032274466
1.68E+18,6.20537207,0.034011841,-0.005575988,-0.041606084
1.68E+18,6.215371826,0.077108383,0.011283408,-0.034296472
1.68E+18,6.22537207,0.074714661,0.020765234,-0.000605974
1.68E+18,6.235371826,0.041195869,0.035076644,0.006600749
1.68E+18,6.24537207,0.062743187,0.001451263,0.001623582
