"Tid";"Ã…lder"
7868;27
7905;36
7959;29
8082;35
8139;31
8313;30
8405;37
8459;26
8474;37
8477;26
8546;30
8553;33
8693;30
8811;32
8950;35
8964;41
8969;41
9028;32
9037;35
9061;33
9100;30
9106;38
9113;36
9128;38
9223;34
9227;45
9264;25
9285;34
9328;30
9361;38
9389;44
9413;33
9415;44
9427;43
9438;35
9448;40
9463;29
9538;41
9564;32
9586;29
9589;38
9595;55
9601;36
9603;36
9634;39
9634;35
9641;32
9641;40
9647;35
9657;32
9659;47
9665;28
9667;45
9680;45
9688;29
9688;31
9703;42
9715;37
9733;22
9757;38
9794;28
9825;37
9836;45
9840;50
9861;55
9883;38
9886;30
9913;31
9939;37
9953;48
9971;41
9983;46
9990;39
10002;44
10016;40
10044;29
10057;55
10080;42
10098;26
10121;47
10133;35
10143;34
10143;47
10157;46
10179;25
10183;34
10184;47
10191;39
10204;45
10212;35
10213;42
10219;29
10223;30
10230;45
10242;28
10251;52
10252;41
10255;32
10257;32
10258;39
10259;45
10278;32
10292;49
10295;36
10296;33
10297;59
10318;59
10321;37
10334;42
10335;25
10342;39
10343;31
10347;27
10355;29
10360;34
10368;50
10374;37
10388;29
10397;45
10409;33
10410;33
10411;27
10411;36
10414;41
10416;33
10418;39
10421;33
10421;41
10424;47
10434;37
10435;37
10436;38
10437;44
10439;44
10440;50
10446;50
10450;38
10451;30
10453;45
10455;39
10468;35
10469;26
10473;50
10488;32
10490;34
10495;49
10496;30
10504;43
10509;42
10520;48
10522;30
10535;39
10538;43
10538;49
10541;30
10546;36
10547;33
10557;32
10557;39
10558;45
10561;26
10571;42
10580;50
10580;52
10585;31
10591;39
10592;28
10592;42
10595;42
10597;28
10597;35
10600;32
10606;33
10608;31
10608;53
10616;30
10620;38
10621;50
10621;37
10622;33
10624;41
10627;35
10627;30
10636;55
10637;34
10641;57
10645;48
10648;26
10651;28
10652;41
10656;33
10660;41
10670;34
10672;26
10674;30
10679;32
10681;29
10684;42
10684;38
10686;46
10686;21
10687;35
10695;41
10696;46
10697;40
10704;52
10706;52
10707;32
10709;31
10728;49
10732;50
10733;46
10733;42
10742;40
10743;26
10743;34
10743;40
10745;26
10752;31
10753;28
10765;35
10767;36
10768;40
10770;33
10774;41
10778;34
10780;33
10781;43
10791;49
10792;35
10792;44
10793;45
10795;50
10799;37
10799;27
10801;24
10809;49
10809;47
10815;42
10824;34
10831;20
10834;28
10839;30
10840;30
10840;58
10844;32
10859;49
10862;35
10876;29
10891;48
10894;29
10903;40
10904;41
10911;40
10911;40
10914;30
10926;36
10927;29
10928;60
10946;26
10948;55
10948;49
10962;46
10972;27
10973;47
10975;44
10975;27
10976;56
10990;32
11001;40
11004;37
11007;35
11008;58
11010;54
11011;29
11015;32
11030;53
11037;36
11038;34
11038;41
11039;39
11043;29
11044;42
11045;40
11046;35
11046;36
11048;47
11052;40
11052;41
11054;35
11057;50
11060;36
11062;39
11064;25
11066;26
11068;34
11069;49
11069;55
11070;51
11072;38
11073;46
11082;40
11083;34
11085;43
11087;39
11088;28
11091;38
11094;50
11103;59
11114;30
11115;26
11116;55
11117;31
11121;27
11122;41
11127;36
11128;46
11131;33
11136;25
11141;51
11145;48
11145;42
11146;48
11148;29
11149;39
11152;44
11154;42
11155;35
11156;54
11162;40
11166;38
11172;35
11173;26
11181;38
11191;46
11194;36
11196;31
11199;27
11214;32
11216;51
11219;48
11219;50
11226;50
11230;28
11238;47
11238;50
11239;39
11239;31
11241;48
11242;46
11242;30
11243;44
11246;42
11246;49
11248;46
11248;41
11251;49
11253;48
11254;35
11254;34
11258;36
11261;24
11262;31
11264;23
11268;31
11274;41
11278;26
11279;32
11281;49
11281;34
11282;45
11282;27
11283;34
11284;31
11290;36
11291;51
11300;51
11301;32
11303;26
11304;49
11304;54
11311;45
11311;54
11317;44
11318;27
11325;52
11327;38
11327;47
11328;50
11329;45
11332;36
11332;34
11335;38
11335;30
11339;45
11340;49
11340;35
11341;47
11341;43
11341;38
11343;32
11344;46
11347;34
11348;45
11350;28
11351;30
11355;50
11363;46
11365;36
11368;48
11372;40
11372;31
11374;30
11376;45
11381;35
11388;62
11390;59
11390;34
11394;32
11394;39
11395;42
11408;50
11412;44
11416;37
11420;41
11420;46
11423;36
11424;27
11424;42
11425;37
11425;55
11427;40
11428;32
11431;32
11445;33
11449;29
11461;40
11463;38
11463;54
11465;50
11465;35
11468;49
11469;47
11471;31
11474;50
11474;26
11479;38
11487;48
11490;57
11493;49
11495;51
11496;35
11497;45
11498;36
11501;38
11505;46
11506;40
11508;30
11508;25
11509;33
11511;42
11512;37
11513;34
11513;38
11515;42
11517;43
11524;38
11524;38
11530;35
11531;48
11535;46
11537;51
11537;39
11540;33
11541;46
11542;60
11542;30
11542;30
11542;24
11544;49
11548;46
11551;34
11551;37
11553;51
11556;40
11558;41
11568;54
11571;39
11571;38
11573;37
11575;37
11577;27
11580;43
11581;32
11583;42
11584;39
11586;32
11586;38
11589;37
11590;47
11590;39
11591;45
11594;38
11600;49
11601;52
11604;28
11606;47
11608;38
11608;47
11608;65
11609;43
11611;44
11612;44
11614;32
11615;42
11615;46
11617;51
11617;53
11619;40
11620;47
11620;53
11624;37
11628;42
11628;37
11630;31
11634;32
11636;50
11643;45
11643;30
11644;46
11647;32
11648;43
11650;41
11651;52
11651;54
11652;45
11658;48
11665;32
11666;34
11668;33
11668;42
11671;39
11671;55
11672;48
11676;46
11683;45
11684;47
11687;50
11687;44
11691;43
11694;34
11700;52
11704;44
11707;47
11711;34
11712;54
11713;33
11714;42
11714;52
11715;37
11716;37
11719;30
11721;55
11722;58
11722;38
11725;25
11726;23
11726;32
11728;64
11728;45
11731;54
11731;48
11732;48
11736;56
11739;41
11739;48
11741;36
11741;33
11746;44
11747;50
11753;42
11756;29
11759;45
11760;56
11762;24
11764;45
11765;33
11773;42
11777;58
11778;46
11780;28
11781;45
11783;39
11783;38
11785;44
11785;40
11788;40
11788;39
11789;55
11793;42
11795;35
11797;45
11799;51
11800;32
11801;45
11808;44
11813;53
11823;28
11823;43
11826;42
11828;53
11830;42
11836;57
11840;51
11840;50
11841;51
11844;48
11845;43
11850;32
11858;31
11862;37
11863;37
11866;64
11866;23
11867;31
11869;46
11875;32
11876;46
11877;32
11878;29
11881;42
11882;33
11884;29
11885;35
11885;32
11887;32
11887;56
11889;48
11890;52
11893;40
11895;66
11896;43
11897;39
11901;46
11902;37
11903;43
11906;54
11909;40
11912;44
11914;42
11914;40
11917;48
11920;37
11922;56
11925;39
11927;42
11927;31
11933;35
11937;28
11940;22
11940;29
11942;33
11947;37
11947;39
11955;31
11956;55
11957;47
11958;32
11958;48
11958;34
11958;37
11959;47
11960;35
11963;42
11969;31
11972;33
11973;41
11973;47
11974;48
11974;48
11974;30
11976;49
11977;42
11978;37
11981;49
11981;49
11982;40
11982;54
11983;29
11984;41
11984;32
11987;55
11988;50
11990;34
11991;41
11991;29
11992;55
11993;55
11998;30
12002;36
12004;48
12005;44
12005;36
12010;57
12012;44
12012;37
12012;49
12014;45
12014;23
12016;33
12018;20
12019;34
12024;48
12025;52
12025;33
12030;56
12031;43
12034;42
12035;37
12036;60
12038;33
12040;46
12042;40
12042;42
12043;36
12047;60
12047;48
12055;37
12058;46
12064;57
12064;35
12064;44
12070;40
12070;39
12071;30
12072;34
12072;48
12076;42
12076;49
12079;35
12082;41
12086;39
12090;31
12093;48
12093;36
12094;25
12095;48
12099;37
12104;53
12105;38
12106;38
12111;42
12113;39
12116;48
12117;44
12119;42
12120;55
12122;32
12123;30
12126;46
12126;49
12129;43
12137;32
12139;42
12139;26
12140;44
12141;40
12145;37
12148;28
12150;31
12151;43
12151;47
12151;57
12153;28
12154;28
12160;41
12160;31
12164;36
12168;35
12169;43
12169;52
12170;38
12177;52
12179;32
12184;53
12184;47
12184;53
12184;63
12187;30
12190;28
12192;35
12194;53
12194;33
12195;36
12196;41
12197;46
12197;30
12198;47
12198;40
12199;41
12203;33
12205;31
12207;27
12209;32
12209;31
12210;40
12212;40
12217;31
12221;46
12223;23
12224;58
12226;45
12226;25
12228;44
12231;29
12231;36
12233;49
12233;28
12234;33
12239;33
12239;49
12240;46
12240;55
12243;22
12244;35
12247;39
12251;34
12256;26
12257;33
12259;49
12261;43
12265;49
12270;27
12270;33
12271;28
12271;37
12271;50
12271;34
12274;44
12276;25
12279;31
12279;38
12280;32
12281;38
12282;47
12284;27
12285;31
12286;34
12289;33
12291;31
12293;37
12293;56
12293;42
12296;39
12296;40
12296;35
12296;32
12297;46
12299;49
12301;39
12301;37
12301;36
12303;44
12303;41
12304;43
12304;46
12306;50
12306;50
12309;45
12309;50
12309;48
12313;33
12320;28
12321;53
12321;39
12322;35
12323;47
12324;48
12326;28
12327;48
12327;36
12327;49
12329;42
12329;36
12330;41
12333;33
12333;43
12337;52
12337;49
12337;53
12339;39
12339;28
12341;49
12347;43
12348;33
12349;39
12350;32
12352;37
12354;33
12357;44
12358;37
12360;45
12360;35
12363;49
12363;27
12363;29
12363;38
12364;54
12364;41
12366;50
12367;50
12367;32
12368;44
12368;31
12373;49
12373;29
12373;45
12377;41
12380;49
12380;42
12380;44
12381;32
12381;32
12382;52
12383;30
12384;34
12385;44
12386;46
12386;46
12386;59
12388;38
12388;36
12390;31
12391;20
12393;44
12395;47
12401;50
12402;46
12404;40
12405;62
12406;36
12406;36
12408;27
12409;30
12410;24
12414;31
12415;41
12416;42
12416;43
12417;34
12418;39
12418;32
12418;45
12421;50
12422;36
12423;48
12425;39
12427;37
12427;57
12428;24
12429;54
12429;45
12430;50
12431;36
12431;33
12432;40
12435;37
12435;27
12436;21
12436;49
12438;31
12440;48
12441;43
12441;44
12442;48
12442;37
12444;34
12446;27
12448;41
12450;40
12450;30
12451;50
12451;43
12451;54
12452;66
12453;28
12453;40
12457;39
12459;39
12461;41
12461;37
12463;43
12463;27
12463;23
12463;41
12466;47
12466;55
12466;29
12467;39
12467;34
12467;41
12468;44
12470;53
12470;29
12471;28
12471;34
12472;33
12473;37
12477;38
12478;26
12479;39
12480;49
12481;56
12482;25
12483;44
12485;46
12486;45
12487;43
12488;50
12490;34
12490;51
12490;36
12490;36
12490;56
12491;30
12492;33
12492;40
12492;36
12492;50
12494;34
12495;27
12495;57
12496;43
12497;56
12498;50
12498;31
12498;36
12500;45
12501;37
12501;43
12501;48
12501;28
12501;40
12501;30
12502;47
12504;53
12504;26
12504;34
12505;35
12505;49
12506;40
12508;54
12510;28
12510;50
12510;41
12511;39
12513;48
12513;21
12513;25
12514;42
12514;41
12515;41
12516;55
12518;47
12519;35
12521;31
12521;33
12522;35
12522;41
12523;36
12523;32
12523;19
12524;43
12524;34
12525;54
12525;44
12526;34
12526;40
12527;31
12527;48
12528;32
12531;26
12532;39
12532;44
12533;38
12534;38
12534;45
12539;50
12540;36
12540;47
12541;37
12541;37
12544;37
12544;32
12547;55
12547;43
12547;45
12548;39
12550;24
12553;32
12553;32
12555;41
12555;42
12557;60
12557;34
12558;42
12558;61
12558;48
12559;49
12560;35
12562;50
12562;50
12562;41
12563;37
12563;38
12564;58
12565;44
12565;53
12565;40
12566;40
12567;39
12567;57
12568;24
12569;45
12570;40
12570;34
12571;26
12572;22
12572;46
12574;35
12576;43
12577;46
12578;52
12580;39
12583;39
12584;36
12585;42
12585;44
12586;36
12587;54
12589;46
12589;49
12591;44
12593;29
12594;29
12596;50
12597;33
12598;25
12600;30
12602;40
12602;41
12602;67
12603;56
12606;32
12606;34
12607;62
12612;31
12614;51
12616;28
12620;45
12621;46
12623;45
12623;55
12625;20
12626;49
12628;30
12628;39
12636;50
12637;53
12637;54
12637;30
12638;56
12639;37
12640;36
12641;32
12641;33
12641;51
12643;46
12644;27
12644;52
12644;36
12644;44
12648;31
12648;30
12649;55
12649;37
12650;37
12650;29
12651;24
12651;32
12653;29
12654;36
12655;50
12655;28
12656;51
12658;46
12663;55
12664;35
12664;52
12666;45
12668;55
12668;25
12668;32
12669;44
12671;27
12672;26
12675;39
12675;55
12676;30
12676;40
12677;52
12681;46
12684;32
12689;60
12689;45
12691;31
12695;29
12696;32
12696;53
12697;44
12699;23
12705;32
12707;52
12708;43
12709;47
12711;35
12712;57
12714;42
12714;41
12715;32
12716;56
12717;32
12719;52
12720;48
12723;51
12723;39
12723;48
12724;26
12727;42
12727;60
12728;22
12729;45
12730;46
12732;46
12732;48
12733;39
12734;36
12736;21
12737;43
12738;40
12738;42
12741;27
12744;58
12744;32
12744;47
12744;46
12745;34
12745;34
12747;42
12749;34
12750;44
12751;39
12752;33
12753;55
12753;57
12755;56
12757;48
12758;46
12759;29
12761;27
12762;57
12762;46
12763;34
12767;40
12767;51
12769;42
12769;44
12773;46
12776;47
12776;33
12776;33
12779;32
12780;47
12781;45
12782;59
12783;29
12783;39
12785;40
12788;43
12791;22
12792;53
12793;49
12796;51
12798;22
12798;41
12799;44
12800;39
12801;30
12803;28
12804;33
12806;40
12808;45
12810;45
12812;25
12815;36
12817;32
12819;47
12820;48
12821;25
12823;58
12823;34
12824;25
12829;37
12830;44
12831;46
12833;31
12834;52
12835;39
12836;43
12840;31
12841;43
12842;32
12843;50
12847;54
12851;53
12853;49
12853;25
12854;39
12854;43
12855;35
12856;38
12857;33
12857;39
12860;34
12860;45
12864;43
12867;52
12869;35
12871;47
12872;44
12874;37
12875;32
12875;42
12876;65
12876;42
12879;39
12881;49
12882;58
12884;51
12885;36
12886;29
12888;30
12888;38
12889;35
12890;59
12893;32
12895;31
12896;25
12897;30
12897;54
12900;26
12901;33
12901;34
12901;39
12902;42
12905;48
12907;44
12908;25
12909;36
12909;25
12910;32
12910;49
12910;20
12912;49
12917;34
12918;58
12922;39
12922;41
12923;49
12925;37
12926;38
12927;43
12928;36
12929;33
12929;36
12930;35
12930;41
12931;42
12932;37
12932;50
12932;47
12933;40
12934;49
12934;46
12935;66
12937;43
12937;61
12939;47
12939;27
12941;50
12944;50
12945;46
12945;35
12946;45
12946;36
12949;63
12951;55
12952;31
12953;47
12955;48
12958;33
12959;32
12964;36
12966;35
12966;50
12967;46
12968;38
12970;55
12972;34
12973;49
12976;51
12977;29
12978;26
12983;34
12983;42
12983;26
12985;32
12986;53
12986;41
12989;26
12990;60
12990;40
12992;29
12993;29
12994;49
12996;57
12997;37
12998;37
12998;32
12999;42
12999;41
12999;30
13000;49
13002;21
13002;55
13005;56
13007;52
13007;34
13014;32
13014;55
13016;41
13017;38
13019;29
13021;49
13021;41
13022;49
13022;48
13023;49
13026;36
13026;32
13027;26
13029;29
13029;51
13030;29
13033;40
13033;41
13034;65
13037;21
13040;33
13042;25
13044;42
13046;25
13046;45
13049;44
13050;53
13050;43
13050;34
13058;49
13058;60
13060;28
13060;29
13061;49
13062;34
13063;43
13065;34
13066;37
13066;53
13066;46
13066;44
13066;48
13067;46
13071;23
13072;29
13072;38
13074;43
13078;42
13081;48
13082;46
13083;37
13085;50
13086;26
13088;35
13088;36
13090;53
13091;62
13091;44
13092;37
13093;37
13094;27
13095;46
13095;45
13096;40
13097;44
13099;34
13099;41
13100;31
13101;41
13103;51
13104;30
13105;35
13105;40
13106;33
13107;39
13109;50
13111;52
13112;59
13113;50
13114;52
13114;58
13116;43
13116;34
13116;60
13116;47
13119;48
13120;62
13123;57
13124;34
13125;57
13126;53
13127;40
13127;28
13128;49
13129;53
13129;38
13129;22
13130;41
13130;25
13132;28
13135;29
13135;49
13136;29
13136;29
13138;28
13140;43
13140;34
13140;50
13144;29
13145;30
13145;27
13146;48
13147;28
13147;47
13149;47
13149;27
13150;50
13150;46
13152;55
13155;42
13156;35
13157;48
13159;51
13161;48
13163;30
13164;34
13166;22
13166;66
13167;38
13167;34
13168;31
13169;49
13169;63
13170;51
13170;49
13172;45
13172;43
13173;55
13173;52
13174;48
13174;40
13176;37
13177;51
13178;26
13178;54
13178;40
13179;29
13179;39
13181;22
13181;43
13182;42
13183;35
13184;47
13184;68
13185;33
13189;43
13190;47
13191;41
13191;48
13192;60
13193;21
13193;53
13193;52
13193;38
13194;28
13198;56
13198;41
13200;33
13201;44
13202;38
13203;43
13206;48
13209;30
13210;38
13211;27
13215;50
13217;27
13217;48
13220;38
13222;35
13223;32
13223;29
13224;38
13224;51
13226;28
13226;60
13227;45
13227;52
13228;38
13228;56
13229;53
13230;45
13232;41
13232;43
13233;52
13234;41
13236;38
13237;47
13237;40
13238;43
13240;40
13240;33
13241;31
13241;36
13241;27
13243;49
13243;49
13244;53
13245;46
13246;39
13247;34
13250;43
13250;65
13251;52
13254;46
13255;36
13255;25
13255;23
13256;78
13259;33
13260;58
13264;33
13264;47
13265;43
13265;34
13265;54
13266;21
13267;34
13271;41
13272;42
13273;55
13274;25
13278;44
13278;48
13278;48
13281;57
13281;55
13281;44
13282;58
13283;41
13283;38
13284;56
13285;40
13285;38
13285;37
13287;32
13287;33
13288;34
13291;49
13291;33
13293;29
13294;47
13295;50
13295;38
13295;38
13296;20
13297;37
13299;57
13299;60
13301;51
13302;39
13302;53
13302;27
13303;47
13304;32
13305;21
13305;52
13309;42
13310;47
13311;29
13312;36
13312;37
13313;36
13314;51
13316;30
13319;30
13319;41
13319;31
13320;32
13321;23
13329;42
13334;50
13335;49
13336;28
13336;43
13337;30
13337;33
13338;40
13339;40
13342;39
13345;25
13346;38
13347;47
13347;45
13347;53
13349;30
13350;26
13350;34
13350;28
13352;47
13354;55
13355;65
13357;31
13358;40
13359;39
13359;29
13359;54
13359;39
13359;59
13359;44
13361;54
13361;40
13361;41
13363;36
13364;36
13369;49
13369;26
13369;40
13369;50
13372;52
13373;44
13374;31
13374;26
13374;57
13375;46
13376;49
13378;30
13379;44
13381;33
13385;37
13387;32
13387;44
13388;46
13388;55
13389;40
13390;28
13392;31
13393;54
13395;52
13396;59
13397;47
13397;35
13397;55
13397;48
13398;32
13398;34
13400;48
13400;38
13401;30
13402;37
13404;33
13404;43
13405;21
13406;48
13407;28
13411;46
13415;39
13417;62
13418;51
13419;30
13419;50
13421;34
13423;41
13423;41
13423;50
13429;20
13429;44
13429;19
13429;63
13430;39
13430;28
13431;47
13431;49
13432;49
13432;24
13433;49
13433;58
13434;36
13434;32
13434;50
13436;33
13437;27
13438;28
13438;40
13439;37
13439;30
13440;42
13441;55
13442;40
13442;45
13443;23
13443;50
13443;50
13445;40
13446;30
13446;45
13446;47
13451;31
13452;30
13453;39
13456;30
13456;44
13460;53
13461;38
13461;31
13464;31
13464;47
13466;42
13466;30
13467;37
13472;56
13473;35
13475;36
13477;44
13477;27
13478;41
13479;35
13480;34
13483;52
13484;55
13484;39
13484;29
13485;50
13487;53
13487;46
13488;45
13488;42
13488;44
13490;44
13491;27
13495;53
13497;34
13499;41
13502;48
13502;35
13502;41
13503;46
13504;55
13505;23
13506;53
13507;38
13507;25
13507;51
13507;51
13509;36
13510;36
13511;37
13511;21
13512;59
13512;38
13513;33
13513;53
13515;30
13518;53
13518;26
13521;44
13522;43
13522;42
13523;34
13525;45
13525;33
13526;58
13526;46
13528;51
13529;27
13531;38
13532;34
13532;40
13533;32
13533;52
13534;27
13534;50
13536;34
13537;31
13537;37
13540;50
13540;32
13541;43
13541;49
13542;62
13543;57
13544;45
13545;43
13551;32
13551;32
13551;40
13556;49
13556;32
13557;31
13557;53
13558;47
13558;28
13559;27
13560;44
13560;42
13560;35
13562;35
13563;34
13563;34
13564;35
13565;33
13565;29
13565;26
13566;41
13568;51
13568;49
13568;53
13569;31
13569;45
13571;51
13574;52
13574;35
13576;31
13578;27
13581;19
13581;47
13581;48
13582;42
13583;54
13585;43
13587;43
13590;29
13591;54
13591;39
13592;46
13592;42
13594;36
13594;32
13595;46
13596;38
13599;45
13600;48
13602;28
13602;48
13603;30
13604;42
13605;28
13605;37
13606;34
13606;57
13607;31
13607;25
13608;55
13608;38
13609;36
13615;55
13617;36
13617;41
13617;30
13620;45
13620;45
13621;38
13621;40
13621;42
13624;35
13625;40
13627;60
13627;27
13628;39
13629;44
13629;26
13629;43
13630;38
13630;48
13631;30
13632;43
13632;51
13633;34
13633;51
13633;36
13633;50
13637;39
13637;60
13638;44
13640;35
13642;42
13642;33
13643;35
13644;35
13644;36
13645;31
13646;30
13647;39
13647;48
13650;39
13651;24
13651;33
13651;48
13654;41
13654;46
13655;33
13656;48
13656;50
13657;48
13657;47
13657;31
13658;50
13659;43
13660;49
13660;27
13663;44
13665;38
13665;41
13665;23
13667;47
13667;34
13669;37
13671;45
13671;31
13673;34
13674;46
13675;47
13675;29
13676;31
13681;59
13683;37
13683;39
13685;46
13685;34
13687;53
13687;43
13688;32
13689;24
13691;58
13691;45
13693;49
13694;43
13694;47
13695;40
13695;37
13696;41
13697;33
13698;29
13698;55
13699;43
13699;34
13699;45
13700;49
13702;42
13702;31
13703;32
13705;52
13706;54
13708;56
13709;51
13710;51
13711;53
13711;28
13711;38
13711;33
13711;41
13712;35
13713;30
13715;43
13716;51
13718;39
13718;48
13719;43
13720;49
13722;57
13724;41
13727;38
13727;39
13727;33
13728;56
13731;52
13731;47
13732;28
13733;31
13733;32
13734;42
13734;33
13736;34
13738;50
13738;37
13739;55
13740;46
13740;35
13741;47
13745;55
13746;38
13747;56
13747;34
13747;51
13747;59
13749;48
13749;44
13749;55
13750;43
13752;39
13753;32
13755;34
13755;40
13756;43
13759;56
13762;30
13762;26
13766;53
13766;34
13767;41
13767;43
13767;55
13768;32
13768;31
13769;23
13770;26
13770;30
13771;32
13776;32
13776;45
13776;57
13777;32
13778;38
13780;62
13782;53
13784;44
13784;25
13786;33
13787;40
13789;50
13790;43
13791;21
13792;42
13794;53
13796;58
13797;43
13797;38
13799;29
13805;41
13806;57
13806;47
13812;60
13812;49
13812;37
13815;35
13816;38
13819;28
13820;34
13820;39
13822;37
13822;25
13822;50
13826;42
13830;57
13832;28
13832;41
13832;33
13834;50
13834;33
13836;57
13837;36
13837;49
13841;32
13841;24
13842;46
13843;56
13843;51
13843;35
13844;18
13845;40
13845;53
13846;51
13847;26
13847;38
13848;27
13849;21
13850;21
13852;35
13852;24
13854;45
13855;40
13855;57
13857;27
13858;29
13858;50
13858;52
13858;31
13859;58
13860;26
13862;32
13862;34
13862;30
13865;37
13865;23
13866;38
13867;31
13867;28
13868;38
13872;54
13873;24
13874;49
13874;38
13875;29
13877;53
13877;60
13879;22
13880;47
13880;22
13882;51
13883;31
13884;46
13885;31
13885;47
13886;51
13888;43
13888;21
13889;29
13890;27
13891;35
13892;35
13895;29
13895;45
13896;54
13896;38
13897;56
13898;25
13898;25
13899;37
13902;59
13902;35
13902;28
13903;53
13904;34
13904;32
13905;44
13909;40
13911;24
13915;39
13916;46
13917;47
13919;53
13919;47
13920;29
13920;50
13922;49
13922;34
13922;30
13922;33
13924;38
13925;36
13927;59
13927;48
13930;61
13930;41
13932;56
13932;46
13932;44
13932;30
13933;24
13938;54
13938;63
13938;28
13939;39
13941;28
13943;48
13945;30
13945;50
13946;49
13948;21
13950;36
13951;51
13951;37
13952;52
13952;64
13952;43
13954;22
13954;45
13955;56
13955;61
13957;66
13959;49
13961;30
13962;29
13962;50
13962;52
13963;49
13966;32
13967;25
13967;54
13969;67
13970;35
13970;27
13972;39
13972;38
13973;52
13974;53
13974;38
13975;57
13975;42
13975;39
13976;34
13977;30
13977;21
13978;47
13979;33
13979;38
13983;34
13984;51
13984;21
13984;28
13985;51
13987;61
13987;25
13988;30
13989;31
13991;52
13992;23
13993;40
13994;29
13995;44
13995;54
13996;50
13996;40
13997;38
13998;48
13999;60
14000;36
14000;18
14001;31
14002;41
14005;33
14006;32
14006;38
14007;43
14007;51
14009;45
14010;35
14010;32
14010;36
14013;25
14013;39
14013;51
14014;26
14014;44
14014;33
14014;45
14014;33
14015;41
14016;40
14017;54
14018;41
14018;25
14018;39
14020;40
14020;26
14020;23
14021;37
14021;33
14022;32
14023;20
14023;29
14024;36
14025;50
14026;32
14027;38
14028;46
14029;45
14029;33
14030;46
14030;36
14031;27
14031;40
14031;56
14032;65
14032;29
14032;21
14033;40
14033;23
14034;31
14035;27
14038;52
14038;58
14040;26
14041;46
14041;24
14041;46
14043;38
14043;48
14045;34
14047;35
14049;62
14049;52
14049;34
14050;47
14051;31
14051;35
14051;46
14052;57
14052;59
14053;38
14053;56
14054;28
14056;22
14056;49
14056;35
14057;28
14058;50
14059;46
14060;30
14061;20
14063;41
14064;52
14064;44
14064;34
14066;39
14067;56
14067;54
14067;28
14067;55
14068;38
14069;42
14069;22
14069;46
14069;61
14070;36
14071;48
14072;51
14073;26
14073;31
14075;59
14075;27
14075;58
14075;52
14075;28
14077;54
14078;26
14078;23
14078;47
14079;47
14080;63
14080;26
14081;41
14081;41
14081;46
14082;40
14082;40
14083;42
14084;44
14085;37
14086;49
14087;21
14087;29
14088;40
14089;50
14089;43
14089;23
14090;35
14090;31
14091;43
14091;43
14093;28
14093;29
14094;56
14095;47
14096;40
14096;57
14097;47
14098;27
14099;34
14101;38
14102;53
14104;58
14104;54
14105;62
14107;40
14107;41
14108;37
14109;57
14109;29
14109;50
14113;28
14116;54
14118;39
14119;47
14119;53
14121;27
14121;28
14121;34
14125;58
14126;36
14126;32
14127;25
14127;34
14127;29
14127;60
14128;29
14128;23
14128;24
14128;33
14129;30
14132;36
14132;51
14133;48
14134;38
14136;45
14136;40
14136;43
14137;31
14138;39
14138;46
14139;46
14140;33
14140;38
14140;25
14140;49
14141;44
14141;39
14141;45
14142;25
14143;41
14143;41
14143;31
14144;48
14145;44
14146;54
14147;56
14147;53
14148;20
14149;28
14150;51
14151;54
14152;60
14152;30
14152;48
14152;28
14153;48
14154;36
14154;59
14154;37
14155;36
14155;40
14155;53
14155;53
14156;45
14157;26
14157;29
14157;29
14157;54
14158;58
14159;52
14160;54
14160;54
14160;43
14163;37
14163;26
14164;23
14164;33
14164;44
14167;49
14169;41
14170;27
14171;48
14172;57
14172;38
14172;61
14172;48
14173;35
14173;67
14174;54
14175;60
14175;41
14176;55
14177;47
14178;38
14178;51
14181;32
14181;46
14181;43
14183;27
14184;24
14185;46
14187;41
14187;55
14188;34
14189;28
14189;33
14190;53
14190;47
14190;44
14191;60
14192;61
14193;37
14196;41
14197;20
14197;38
14198;42
14198;25
14199;57
14200;24
14201;28
14202;43
14202;49
14204;44
14206;59
14206;48
14207;41
14207;46
14207;38
14207;30
14209;46
14210;35
14210;37
14210;49
14211;49
14213;30
14213;41
14215;57
14216;48
14216;28
14219;39
14221;29
14221;30
14222;39
14223;38
14225;40
14225;22
14226;53
14226;51
14227;31
14227;74
14228;28
14229;34
14229;42
14229;56
14230;33
14231;49
14232;46
14233;43
14234;40
14235;45
14236;49
14236;21
14237;55
14237;57
14238;22
14239;43
14239;30
14240;39
14240;29
14241;37
14242;29
14244;39
14245;23
14245;49
14246;44
14246;28
14247;34
14247;27
14249;56
14249;40
14249;21
14252;41
14252;22
14253;36
14253;48
14254;25
14255;43
14255;32
14255;49
14256;40
14257;41
14259;53
14259;47
14261;42
14261;38
14262;35
14262;35
14264;45
14264;40
14264;44
14264;33
14265;28
14265;70
14266;54
14269;50
14270;41
14270;35
14270;49
14271;39
14272;37
14272;63
14273;43
14273;22
14274;32
14274;34
14276;35
14276;25
14276;52
14278;27
14278;48
14279;35
14280;49
14282;66
14282;45
14282;31
14283;64
14285;38
14286;28
14286;30
14286;28
14287;37
14289;33
14289;62
14289;48
14289;27
14291;25
14291;43
14292;37
14292;57
14296;42
14297;35
14297;41
14301;47
14301;32
14301;42
14302;40
14303;38
14303;44
14303;39
14304;36
14304;41
14305;56
14306;30
14306;32
14307;40
14307;49
14307;59
14308;34
14309;26
14309;69
14312;36
14313;44
14314;32
14315;50
14315;40
14316;55
14317;27
14321;47
14321;41
14322;31
14322;46
14324;46
14324;43
14325;44
14326;51
14326;45
14327;55
14327;43
14328;42
14328;33
14329;46
14332;33
14332;31
14332;30
14333;38
14333;53
14333;52
14335;41
14335;33
14337;28
14337;31
14337;44
14337;69
14339;30
14339;63
14340;48
14341;46
14341;53
14342;35
14343;45
14343;42
14346;45
14346;34
14347;26
14347;53
14348;42
14353;41
14355;44
14356;33
14357;26
14357;49
14357;36
14358;32
14360;51
14362;33
14363;29
14363;45
14363;55
14365;18
14366;43
14367;59
14368;44
14368;30
14369;65
14370;44
14370;42
14372;32
14375;54
14376;29
14376;22
14376;47
14377;56
14377;33
14379;42
14382;29
14382;46
14386;41
14388;32
14390;35
14391;52
14393;27
14394;30
14396;56
14398;40
14400;28
14402;39
14404;41
14406;22
14406;41
14407;47
14408;20
14409;36
14411;26
14411;41
14413;44
14414;29
14414;65
14417;22
14417;32
14418;48
14419;44
14419;51
14420;26
14424;58
14425;55
14427;30
14428;32
14429;38
14431;27
14433;40
14435;51
14435;41
14437;32
14437;62
14439;58
14443;52
14444;48
14444;20
14445;38
14446;30
14449;40
14452;22
14455;47
14456;30
14457;49
14458;40
14459;55
14459;38
14460;23
14463;35
14463;33
14464;59
14467;32
14468;36
14471;60
14473;40
14473;41
14476;41
14476;31
14477;33
14478;33
14479;25
14481;32
14481;44
14482;44
14485;29
14490;30
14492;38
14492;52
14493;30
14493;49
14495;57
14495;25
14499;40
14499;66
14502;23
14502;52
14503;47
14504;26
14505;52
14505;42
14507;29
14508;42
14511;48
14512;55
14513;54
14513;52
14514;21
14514;47
14515;28
14515;36
14516;33
14517;46
14519;22
14519;50
14521;42
14526;49
14531;36
14532;31
14532;53
14532;32
14534;60
14546;32
14547;49
14548;49
14549;39
14549;34
14550;41
14550;38
14552;41
14554;27
14556;41
14556;40
14556;52
14557;55
14559;40
14559;44
14560;48
14561;53
14563;49
14563;41
14564;31
14564;32
14564;45
14565;25
14565;37
14567;27
14568;31
14571;37
14573;41
14574;24
14576;31
14579;25
14579;47
14580;32
14581;32
14582;33
14583;27
14583;25
14583;59
14584;27
14585;52
14587;50
14588;36
14589;29
14589;33
14591;42
14591;40
14591;42
14595;33
14596;26
14596;41
14597;19
14598;33
14599;58
14600;43
14600;43
14601;28
14601;21
14602;53
14604;27
14605;77
14607;41
14608;37
14608;40
14610;42
14610;53
14612;31
14613;56
14613;53
14613;39
14614;37
14615;43
14615;54
14617;57
14618;30
14619;26
14620;44
14621;25
14622;48
14623;33
14623;28
14624;60
14625;27
14628;48
14628;36
14629;30
14629;54
14630;25
14630;54
14633;30
14634;55
14635;32
14635;43
14636;30
14636;23
14639;63
14640;38
14641;36
14641;42
14642;48
14643;66
14644;40
14647;40
14647;40
14648;43
14650;22
14654;40
14654;28
14654;52
14655;30
14656;49
14661;27
14661;46
14663;44
14666;29
14667;47
14670;48
14672;58
14673;29
14673;40
14674;38
14674;31
14677;36
14677;40
14677;34
14680;42
14681;48
14682;26
14683;48
14684;52
14685;27
14686;53
14688;23
14691;29
14691;62
14694;49
14695;53
14696;36
14698;29
14703;48
14703;57
14705;31
14707;32
14708;26
14708;41
14709;32
14710;38
14711;56
14712;49
14713;40
14713;38
14714;52
14715;29
14717;38
14718;54
14719;38
14720;63
14720;51
14722;43
14722;58
14724;31
14724;30
14725;58
14727;57
14727;28
14728;40
14728;51
14730;42
14731;33
14732;49
14732;32
14733;36
14734;45
14737;28
14737;56
14739;58
14743;25
14743;27
14743;50
14743;21
14745;41
14746;59
14746;43
14746;42
14747;45
14748;68
14749;31
14749;34
14749;43
14750;37
14752;32
14752;50
14754;50
14755;52
14756;38
14756;41
14756;25
14756;40
14760;27
14764;58
14766;42
14767;31
14768;44
14770;35
14770;42
14770;48
14771;44
14774;51
14774;53
14774;38
14775;44
14776;22
14777;52
14779;40
14781;28
14782;33
14784;29
14786;50
14786;62
14787;45
14788;35
14789;40
14789;57
14790;22
14794;37
14796;43
14799;71
14799;41
14800;39
14801;61
14803;51
14803;59
14803;45
14803;28
14805;33
14806;45
14810;23
14812;52
14813;29
14813;53
14815;31
14816;36
14817;31
14820;25
14822;50
14823;40
14825;23
14826;39
14826;41
14826;36
14827;62
14828;48
14828;33
14828;39
14830;42
14831;39
14831;53
14834;34
14834;49
14834;36
14837;46
14840;49
14841;33
14841;41
14842;33
14843;41
14843;26
14845;37
14847;45
14848;49
14852;36
14855;49
14856;38
14859;40
14859;52
14861;43
14864;33
14865;31
14868;41
14868;24
14870;40
14870;49
14872;38
14873;31
14873;45
14873;43
14873;36
14874;49
14874;39
14877;48
14877;52
14879;44
14881;32
14881;66
14882;39
14882;43
14884;63
14884;35
14884;48
14889;61
14889;61
14894;28
14894;39
14894;28
14894;52
14896;41
14898;34
14898;56
14900;42
14905;56
14905;45
14905;55
14907;38
14909;45
14910;43
14910;30
14910;50
14913;22
14914;41
14915;38
14915;26
14915;36
14917;25
14918;42
14919;64
14919;33
14920;50
14920;22
14922;51
14923;37
14923;32
14925;26
14925;34
14925;30
14926;44
14927;52
14927;37
14927;35
14927;31
14929;39
14930;28
14930;36
14930;41
14931;21
14934;20
14934;28
14934;36
14934;47
14935;38
14936;42
14938;54
14940;35
14946;58
14946;41
14947;56
14947;50
14948;32
14948;57
14952;35
14953;60
14953;41
14954;28
14954;58
14954;33
14954;59
14956;63
14958;58
14960;45
14965;49
14965;53
14967;53
14968;40
14968;54
14970;48
14972;27
14972;38
14973;57
14976;45
14977;47
14978;54
14978;34
14978;49
14982;23
14984;23
14985;41
14987;32
14987;45
14987;30
14988;48
14988;38
14989;33
14990;22
14990;25
14992;21
14993;30
14993;62
14993;28
14996;40
15000;61
15000;53
15002;52
15003;60
15009;31
15009;28
15010;57
15010;28
15011;21
15011;37
15011;37
15012;44
15012;60
15013;37
15013;59
15013;57
15013;36
15014;50
15016;53
15018;57
15019;28
15021;46
15023;29
15026;33
15028;36
15029;34
15030;35
15030;42
15033;38
15033;48
15033;51
15034;33
15035;31
15036;38
15037;36
15037;18
15038;34
15039;30
15039;50
15040;20
15041;31
15041;29
15041;27
15043;38
15044;34
15046;33
15046;32
15048;52
15050;40
15050;34
15051;23
15053;38
15054;34
15055;31
15056;32
15057;31
15058;46
15058;35
15059;31
15061;33
15062;52
15063;48
15064;28
15065;28
15065;54
15066;33
15067;40
15068;41
15069;30
15070;34
15070;29
15071;55
15071;52
15071;36
15072;24
15073;23
15074;36
15074;59
15074;27
15075;51
15075;50
15075;37
15076;55
15076;40
15076;50
15076;67
15077;36
15078;32
15078;47
15079;47
15079;37
15079;33
15081;25
15087;52
15089;24
15089;35
15090;46
15090;30
15092;36
15092;39
15093;57
15094;36
15094;44
15095;34
15099;52
15101;40
15102;57
15102;33
15102;54
15103;48
15109;30
15110;49
15110;59
15112;58
15114;33
15115;40
15117;32
15117;32
15117;45
15119;33
15119;34
15120;30
15120;46
15121;30
15122;56
15124;28
15124;28
15124;57
15124;20
15125;56
15127;36
15128;49
15128;54
15128;40
15130;54
15130;56
15130;27
15131;54
15133;76
15133;48
15133;36
15134;61
15135;42
15135;38
15136;38
15136;51
15137;60
15138;20
15139;29
15141;26
15141;36
15141;44
15142;37
15143;49
15143;46
15144;43
15145;35
15146;53
15147;28
15149;54
15150;38
15151;62
15152;31
15152;37
15155;28
15155;50
15155;39
15156;32
15156;25
15159;29
15160;29
15160;41
15161;48
15162;35
15163;36
15163;23
15164;49
15164;31
15165;52
15165;43
15166;26
15166;33
15169;42
15169;33
15170;30
15170;50
15171;41
15171;26
15172;40
15173;40
15173;42
15175;41
15177;34
15178;34
15178;61
15178;37
15179;27
15180;40
15180;26
15181;48
15183;44
15188;36
15190;48
15195;24
15195;31
15196;51
15197;27
15198;46
15199;53
15200;51
15203;45
15205;40
15206;42
15206;31
15206;42
15207;32
15208;65
15208;49
15209;36
15209;47
15211;30
15212;39
15213;54
15214;41
15216;40
15217;42
15219;60
15223;26
15223;21
15225;32
15225;25
15226;58
15227;26
15227;33
15228;30
15228;61
15228;46
15229;46
15230;50
15231;34
15231;35
15232;42
15233;61
15233;59
15234;29
15234;53
15234;34
15234;40
15236;49
15237;61
15237;57
15238;26
15241;31
15241;38
15243;31
15244;35
15246;30
15247;46
15248;44
15249;47
15249;24
15249;51
15250;37
15252;21
15252;51
15252;61
15254;66
15256;28
15258;25
15258;51
15258;45
15258;26
15259;23
15259;44
15259;22
15259;53
15259;54
15261;26
15261;45
15261;61
15263;49
15264;57
15264;34
15264;38
15265;40
15266;48
15267;28
15267;66
15268;43
15270;53
15271;25
15274;52
15274;59
15275;27
15275;30
15275;35
15276;54
15276;57
15277;32
15277;41
15277;54
15277;46
15278;32
15279;71
15279;45
15281;54
15283;32
15283;43
15283;29
15284;52
15286;45
15287;29
15287;47
15287;30
15288;45
15289;42
15290;55
15291;60
15291;65
15292;38
15293;42
15293;44
15295;28
15296;56
15297;38
15298;40
15299;57
15299;26
15299;58
15299;36
15300;36
15300;35
15300;48
15303;44
15303;23
15304;30
15305;53
15307;21
15307;32
15307;43
15307;25
15311;29
15311;22
15312;33
15316;30
15322;59
15323;30
15325;18
15326;49
15327;43
15327;52
15327;41
15329;56
15330;56
15331;27
15332;32
15334;27
15336;36
15338;44
15346;46
15347;35
15348;29
15349;39
15349;32
15353;57
15353;54
15354;40
15354;36
15358;24
15358;58
15358;50
15360;48
15362;70
15363;49
15363;39
15365;48
15365;55
15366;35
15367;45
15367;51
15368;37
15369;30
15369;53
15370;53
15371;34
15372;32
15372;29
15374;40
15374;53
15374;27
15374;48
15376;70
15378;39
15378;52
15383;48
15383;43
15386;37
15388;43
15390;28
15391;34
15392;27
15393;52
15393;41
15395;59
15398;29
15398;48
15405;53
15405;48
15405;26
15406;30
15406;45
15408;49
15409;48
15409;53
15410;41
15412;34
15413;41
15414;30
15416;36
15416;40
15418;38
15421;54
15421;34
15421;45
15422;45
15422;40
15424;26
15425;37
15427;30
15429;47
15430;33
15432;46
15432;43
15433;43
15435;52
15436;52
15437;50
15437;39
15438;30
15438;51
15441;57
15442;47
15443;31
15444;57
15445;27
15446;49
15447;25
15447;46
15448;48
15452;60
15452;24
15453;41
15454;59
15454;24
15455;34
15455;48
15456;36
15460;38
15461;54
15461;29
15464;50
15465;58
15467;31
15467;34
15468;37
15468;54
15470;54
15471;59
15473;46
15476;37
15476;50
15477;30
15477;37
15478;25
15478;30
15479;31
15480;49
15483;23
15484;35
15484;25
15484;27
15484;58
15485;20
15488;42
15489;21
15490;44
15495;21
15495;45
15495;59
15496;47
15497;60
15497;33
15498;70
15498;58
15500;31
15500;24
15501;30
15505;45
15510;37
15511;57
15512;45
15512;50
15515;27
15515;60
15516;44
15517;66
15519;32
15519;50
15520;29
15521;54
15527;46
15527;32
15528;62
15528;26
15531;43
15531;56
15531;38
15532;40
15533;66
15537;26
15538;31
15538;25
15538;32
15541;34
15541;55
15542;47
15544;55
15546;44
15553;38
15554;27
15556;30
15558;41
15559;40
15559;42
15560;38
15561;44
15562;50
15566;42
15567;39
15568;50
15570;37
15571;52
15574;32
15574;43
15579;46
15579;59
15579;36
15580;31
15583;48
15583;27
15584;64
15584;45
15585;45
15585;39
15585;57
15585;24
15585;40
15586;46
15586;34
15586;43
15588;37
15588;27
15592;30
15593;58
15598;48
15599;59
15599;37
15600;50
15602;48
15602;34
15603;53
15603;30
15604;35
15604;42
15604;45
15606;25
15606;26
15606;27
15606;43
15609;71
15610;52
15611;36
15613;47
15617;54
15617;27
15617;34
15619;49
15621;51
15622;39
15622;62
15624;47
15625;27
15629;31
15630;60
15631;43
15631;31
15631;56
15632;55
15635;44
15636;48
15639;43
15639;33
15640;50
15642;42
15643;47
15644;22
15646;61
15646;37
15647;47
15647;37
15650;49
15651;37
15653;43
15654;51
15654;22
15655;61
15655;21
15656;32
15656;40
15657;40
15658;38
15658;30
15658;43
15659;23
15659;18
15660;63
15662;50
15663;30
15663;63
15665;46
15665;53
15667;68
15669;45
15670;37
15672;41
15672;40
15672;58
15673;31
15674;36
15674;52
15675;48
15677;66
15677;36
15678;39
15679;56
15679;38
15680;60
15681;41
15682;26
15683;39
15683;62
15685;30
15685;50
15686;43
15687;52
15688;31
15688;35
15692;61
15693;43
15693;30
15696;24
15696;60
15698;37
15699;32
15699;50
15701;51
15706;64
15706;35
15708;50
15710;52
15710;32
15712;25
15712;31
15715;20
15715;58
15717;31
15717;52
15722;42
15722;34
15724;34
15725;56
15728;31
15728;41
15729;27
15730;33
15732;26
15733;39
15734;45
15734;50
15734;26
15736;48
15736;43
15736;36
15736;30
15736;48
15737;37
15738;58
15739;44
15739;23
15743;43
15744;44
15744;46
15745;54
15746;42
15748;38
15749;40
15749;62
15750;23
15751;28
15751;30
15752;31
15762;41
15763;54
15765;49
15767;56
15767;45
15768;46
15769;35
15769;40
15770;37
15770;44
15771;34
15772;50
15773;51
15778;59
15781;30
15781;51
15782;50
15783;63
15784;22
15787;22
15788;35
15790;35
15793;31
15794;30
15794;59
15795;62
15798;46
15798;31
15798;34
15799;51
15803;26
15804;34
15804;50
15805;49
15805;35
15806;42
15809;47
15809;30
15811;47
15813;53
15814;27
15815;51
15818;51
15818;46
15823;26
15826;54
15826;55
15826;52
15827;38
15830;21
15833;26
15834;47
15835;38
15836;36
15836;62
15837;29
15837;29
15838;49
15844;33
15846;25
15847;34
15848;30
15848;48
15848;56
15851;19
15851;25
15851;48
15851;53
15851;33
15853;42
15854;51
15854;26
15855;49
15857;34
15858;48
15859;34
15860;41
15862;49
15862;34
15862;38
15863;29
15865;24
15866;27
15867;23
15867;27
15867;60
15867;46
15869;46
15870;41
15872;35
15873;51
15873;32
15875;31
15879;43
15879;41
15883;56
15883;51
15886;61
15886;46
15887;53
15887;48
15888;35
15888;52
15888;48
15888;51
15889;49
15890;37
15894;25
15895;46
15897;32
15900;33
15901;43
15901;38
15901;44
15901;45
15904;60
15905;45
15906;57
15908;33
15909;41
15909;29
15910;28
15911;55
15912;20
15913;32
15915;58
15916;34
15917;38
15917;49
15918;52
15919;31
15919;27
15920;49
15920;28
15922;49
15925;39
15927;47
15927;42
15927;49
15927;42
15929;55
15930;27
15930;28
15930;29
15931;26
15932;32
15932;28
15932;37
15932;18
15932;29
15932;41
15932;33
15933;47
15933;24
15933;56
15934;40
15936;18
15937;34
15937;44
15939;55
15940;36
15941;30
15943;43
15945;53
15946;52
15946;54
15949;62
15949;60
15949;31
15950;45
15951;23
15951;47
15954;45
15954;21
15955;48
15957;51
15958;66
15958;47
15958;50
15959;33
15959;26
15961;37
15961;36
15963;41
15967;40
15968;36
15969;39
15970;33
15971;33
15972;29
15972;29
15974;55
15974;52
15975;46
15976;36
15976;49
15977;60
15977;48
15978;29
15979;26
15979;60
15979;44
15980;52
15982;31
15983;34
15984;44
15985;32
15986;30
15986;43
15987;27
15988;52
15988;47
15990;42
15990;44
15991;38
15991;29
15992;49
15992;43
15992;40
15993;34
15993;51
15993;32
15994;37
15995;67
15996;33
15999;58
16000;29
16000;38
16000;53
16000;54
16000;53
16001;44
16002;41
16003;30
16004;56
16005;45
16007;45
16007;29
16008;52
16008;26
16008;49
16009;32
16009;41
16009;40
16009;39
16010;30
16015;33
16016;25
16016;53
16017;34
16018;22
16018;48
16018;20
16018;44
16018;35
16020;40
16020;64
16023;42
16024;43
16024;32
16024;44
16028;57
16029;31
16030;39
16031;54
16032;47
16032;27
16032;39
16034;38
16035;49
16037;51
16038;60
16038;38
16039;51
16040;47
16041;58
16042;45
16042;22
16042;41
16043;26
16043;46
16044;33
16045;56
16045;41
16046;37
16048;44
16050;43
16051;38
16051;22
16054;53
16055;35
16059;21
16061;30
16061;39
16061;32
16062;52
16062;39
16062;56
16063;37
16063;52
16065;27
16065;46
16065;41
16066;30
16066;55
16067;48
16068;43
16071;30
16071;47
16071;37
16072;46
16074;25
16075;48
16077;57
16078;32
16078;48
16079;32
16081;63
16082;55
16082;43
16083;59
16084;59
16086;35
16086;47
16090;41
16090;50
16090;53
16092;47
16092;41
16093;18
16095;51
16096;46
16096;32
16096;36
16097;45
16097;34
16098;29
16102;56
16103;55
16103;35
16103;28
16105;35
16106;51
16106;39
16107;20
16108;38
16108;51
16109;44
16109;65
16110;21
16118;65
16119;52
16119;32
16119;32
16120;51
16121;45
16121;21
16123;64
16125;51
16125;52
16126;41
16126;29
16127;49
16129;52
16131;43
16131;38
16132;37
16132;60
16136;50
16137;45
16139;58
16139;26
16141;42
16142;60
16142;40
16142;38
16143;24
16143;29
16144;50
16146;35
16147;39
16148;60
16149;59
16149;33
16150;47
16151;33
16151;40
16151;33
16152;29
16152;64
16153;53
16154;60
16157;37
16157;45
16161;65
16164;30
16164;18
16168;54
16168;50
16169;53
16169;52
16171;39
16173;25
16173;22
16173;44
16174;22
16175;41
16177;58
16177;54
16178;30
16180;41
16183;46
16184;57
16185;52
16186;64
16187;44
16189;44
16189;56
16191;33
16191;61
16196;61
16198;31
16199;44
16199;25
16199;34
16201;60
16201;54
16201;41
16202;34
16202;36
16209;56
16212;31
16215;31
16217;41
16220;50
16221;51
16223;56
16225;46
16225;47
16229;41
16229;57
16231;59
16233;55
16234;30
16234;37
16236;29
16237;42
16238;50
16249;56
16249;32
16251;26
16251;48
16252;24
16253;46
16255;54
16257;44
16257;59
16259;53
16262;51
16264;36
16266;25
16268;50
16269;52
16273;58
16275;67
16275;40
16280;68
16286;40
16289;43
16300;40
16300;55
16307;49
16308;29
16308;30
16308;51
16309;51
16310;31
16314;31
16318;27
16318;57
16319;26
16319;69
16319;35
16319;35
16321;52
16322;49
16325;44
16328;37
16331;42
16331;29
16333;50
16335;43
16335;21
16335;48
16337;34
16337;51
16339;43
16340;42
16342;42
16344;34
16344;37
16345;35
16345;29
16346;32
16348;38
16351;51
16351;44
16352;66
16352;45
16353;46
16354;64
16355;31
16356;69
16357;58
16359;34
16360;48
16360;47
16361;29
16362;58
16362;57
16364;44
16365;44
16369;35
16373;47
16373;50
16374;45
16376;49
16378;52
16379;54
16380;27
16380;57
16382;39
16384;23
16387;54
16388;36
16389;33
16393;47
16394;53
16395;34
16395;37
16395;52
16397;33
16398;25
16399;50
16399;41
16403;27
16403;65
16406;32
16406;47
16408;32
16409;43
16410;30
16410;35
16414;40
16414;51
16415;36
16415;44
16417;36
16421;39
16422;66
16422;58
16423;61
16425;60
16426;37
16429;55
16429;33
16429;52
16430;33
16431;32
16432;34
16432;50
16435;54
16436;64
16438;35
16439;49
16439;52
16441;49
16442;31
16442;64
16443;55
16445;47
16446;46
16446;37
16446;25
16449;57
16449;61
16450;40
16450;58
16450;47
16451;51
16456;50
16458;46
16460;28
16462;33
16464;53
16465;55
16466;27
16467;26
16468;39
16470;22
16472;49
16472;53
16472;41
16478;59
16480;61
16485;30
16486;25
16487;43
16491;74
16495;36
16497;38
16497;54
16500;45
16502;45
16502;50
16502;37
16502;56
16508;43
16509;20
16510;42
16511;54
16512;39
16513;32
16514;54
16514;57
16514;49
16514;32
16515;45
16515;42
16515;56
16517;39
16518;42
16518;54
16518;59
16518;51
16518;56
16519;39
16520;50
16521;31
16521;34
16521;61
16524;38
16524;35
16526;40
16527;36
16529;54
16531;58
16531;32
16532;49
16533;27
16536;55
16540;20
16540;44
16541;21
16542;47
16542;47
16546;32
16552;28
16553;27
16554;29
16555;73
16556;63
16557;62
16559;56
16560;47
16561;40
16563;48
16563;41
16564;47
16564;26
16564;45
16564;61
16564;39
16565;53
16566;50
16566;41
16566;35
16566;28
16567;26
16568;25
16568;59
16569;52
16573;51
16575;61
16576;58
16576;50
16577;50
16578;51
16578;27
16579;27
16581;38
16582;28
16582;26
16583;42
16584;57
16584;31
16584;55
16585;30
16586;23
16586;37
16589;21
16590;28
16590;42
16591;51
16593;20
16594;37
16594;42
16594;27
16595;67
16596;34
16599;54
16601;67
16601;52
16601;47
16602;28
16603;62
16608;30
16608;31
16611;35
16611;50
16615;61
16619;20
16622;40
16625;51
16625;44
16630;27
16632;60
16632;20
16632;24
16633;51
16633;29
16635;49
16637;68
16638;49
16640;58
16642;55
16644;27
16644;32
16645;29
16646;33
16646;59
16646;59
16647;36
16649;31
16649;28
16649;28
16652;18
16652;27
16653;27
16653;53
16653;38
16654;69
16654;54
16654;28
16655;31
16656;48
16656;50
16657;31
16657;56
16657;41
16658;52
16658;43
16661;29
16662;45
16663;49
16663;58
16663;39
16665;36
16669;21
16669;48
16671;34
16672;37
16673;35
16675;42
16675;58
16676;35
16679;53
16682;59
16682;53
16685;40
16687;51
16688;48
16690;52
16690;65
16690;48
16691;64
16693;39
16695;23
16696;54
16697;56
16700;42
16700;49
16701;34
16701;53
16701;30
16702;43
16703;41
16703;26
16704;66
16709;52
16709;47
16712;26
16713;32
16716;53
16716;22
16717;20
16718;42
16720;57
16723;26
16723;37
16724;43
16725;22
16726;50
16727;40
16728;38
16730;30
16731;51
16733;29
16734;41
16735;56
16736;49
16738;65
16740;43
16745;35
16746;56
16746;32
16749;21
16749;53
16752;25
16755;21
16756;50
16756;52
16757;21
16758;71
16759;51
16760;30
16761;41
16762;19
16762;40
16763;34
16763;39
16765;42
16765;49
16765;30
16767;40
16768;28
16771;32
16772;60
16772;47
16777;32
16778;60
16780;34
16780;54
16780;54
16780;33
16781;43
16781;48
16783;55
16783;51
16785;33
16787;25
16788;49
16789;27
16791;35
16793;39
16794;33
16794;37
16796;27
16797;27
16798;29
16799;31
16802;44
16802;45
16802;55
16804;31
16805;37
16805;54
16809;26
16809;30
16812;23
16812;52
16817;60
16818;53
16819;55
16820;74
16820;59
16820;42
16822;53
16823;69
16826;56
16828;20
16832;36
16834;57
16835;54
16837;47
16837;28
16837;50
16839;48
16839;49
16841;33
16841;22
16841;43
16842;56
16842;22
16845;30
16847;28
16848;43
16850;42
16851;32
16851;39
16851;35
16851;52
16852;26
16852;32
16853;43
16855;52
16857;43
16858;43
16858;30
16859;24
16861;35
16861;59
16862;41
16865;54
16866;53
16867;43
16868;44
16869;21
16869;50
16870;27
16871;53
16872;41
16873;51
16875;32
16876;37
16878;24
16878;53
16881;26
16882;34
16883;62
16884;59
16884;38
16885;37
16888;56
16889;41
16893;52
16894;32
16896;38
16901;54
16904;49
16905;31
16909;65
16910;35
16910;37
16914;64
16921;38
16921;32
16925;33
16927;24
16927;57
16928;32
16929;53
16931;61
16931;57
16934;45
16935;28
16937;24
16940;54
16941;72
16943;48
16944;50
16945;33
16945;51
16946;61
16948;39
16948;19
16948;24
16948;44
16950;21
16951;49
16953;48
16955;30
16955;25
16958;59
16960;46
16962;63
16965;29
16965;31
16966;57
16968;21
16972;29
16972;53
16973;59
16973;60
16976;73
16979;58
16982;33
16983;47
16984;21
16985;29
16985;54
16986;54
16987;21
16988;23
16990;37
16990;29
16990;35
16992;57
16994;45
16995;58
16997;35
16999;33
17000;66
17002;32
17003;36
17003;20
17006;25
17010;53
17010;42
17011;55
17011;51
17011;63
17012;27
17013;21
17014;40
17014;53
17015;44
17017;27
17017;44
17020;36
17021;69
17022;42
17022;51
17023;46
17024;47
17024;27
17026;39
17027;28
17028;37
17029;30
17030;51
17031;41
17031;19
17031;33
17033;35
17033;35
17033;57
17034;57
17034;36
17034;29
17036;42
17037;37
17037;40
17038;42
17039;36
17040;49
17040;26
17041;27
17041;61
17042;32
17043;57
17043;54
17046;55
17047;51
17048;61
17050;40
17051;51
17052;35
17053;62
17054;45
17055;35
17056;41
17056;18
17057;30
17058;56
17060;48
17061;51
17066;59
17068;36
17069;48
17069;56
17072;26
17074;27
17077;21
17077;56
17078;60
17078;40
17079;57
17081;26
17085;53
17086;55
17088;33
17088;48
17090;28
17090;45
17091;34
17091;55
17091;25
17091;25
17092;26
17092;61
17093;60
17093;37
17093;28
17094;39
17095;38
17095;20
17095;46
17098;23
17100;42
17100;28
17100;74
17101;40
17101;53
17102;32
17110;54
17110;43
17112;43
17114;55
17116;60
17117;29
17118;24
17119;55
17120;57
17122;25
17123;30
17130;19
17131;39
17132;40
17134;26
17135;26
17138;49
17138;31
17139;46
17139;32
17142;34
17145;65
17148;37
17149;39
17152;57
17154;54
17154;34
17155;38
17158;58
17159;47
17160;65
17162;42
17163;34
17164;24
17166;56
17166;26
17167;40
17167;25
17171;34
17172;57
17176;25
17182;31
17182;48
17184;50
17188;40
17188;25
17190;63
17191;62
17192;36
17193;31
17193;40
17194;31
17197;50
17197;28
17199;45
17202;47
17203;50
17203;45
17204;42
17205;36
17208;40
17210;37
17212;45
17212;29
17212;30
17212;48
17215;36
17215;64
17215;33
17220;28
17221;38
17226;39
17226;39
17229;42
17229;61
17232;59
17232;32
17232;30
17234;21
17236;32
17236;24
17237;44
17239;33
17240;36
17245;69
17246;34
17247;59
17247;26
17248;59
17248;54
17248;18
17249;51
17252;38
17253;36
17253;40
17253;49
17256;25
17258;60
17259;18
17260;42
17268;39
17269;25
17270;42
17270;47
17273;46
17274;44
17276;23
17276;22
17277;51
17277;45
17278;30
17278;53
17279;31
17279;22
17285;22
17285;60
17287;33
17288;33
17289;29
17290;47
17291;40
17291;30
17292;27
17293;24
17295;41
17295;40
17299;37
17301;53
17302;58
17304;34
17307;32
17307;29
17308;39
17310;50
17312;24
17313;34
17314;43
17316;31
17316;21
17317;47
17321;48
17322;43
17324;28
17326;29
17326;38
17327;29
17329;44
17330;27
17330;56
17330;48
17332;56
17336;54
17338;40
17341;27
17343;53
17344;56
17346;52
17346;32
17348;35
17352;30
17352;46
17353;20
17355;26
17357;50
17359;66
17360;34
17364;29
17365;55
17367;48
17369;75
17370;40
17374;43
17375;54
17375;54
17377;29
17378;36
17378;59
17380;51
17383;40
17389;42
17391;50
17394;31
17395;51
17399;51
17400;29
17402;51
17403;29
17410;35
17411;33
17412;25
17414;44
17415;46
17415;55
17416;44
17416;26
17417;41
17419;67
17420;49
17420;51
17421;33
17421;39
17421;39
17423;48
17425;23
17428;39
17428;24
17431;23
17433;63
17433;21
17433;61
17433;57
17434;53
17435;55
17437;63
17437;39
17437;56
17437;23
17439;51
17443;39
17444;60
17446;25
17449;38
17450;21
17452;49
17452;77
17453;34
17453;29
17455;31
17458;48
17458;57
17458;49
17459;58
17460;46
17461;42
17462;30
17462;36
17463;18
17465;49
17467;20
17467;29
17468;41
17469;71
17471;51
17472;42
17473;30
17474;41
17476;48
17477;54
17478;69
17478;61
17478;38
17479;24
17481;53
17484;52
17484;45
17485;42
17486;25
17486;31
17492;65
17493;21
17493;26
17496;35
17497;64
17498;37
17499;28
17500;45
17500;48
17501;71
17502;58
17503;36
17504;49
17507;51
17508;25
17511;26
17515;48
17515;47
17516;63
17516;51
17517;34
17518;24
17520;35
17520;46
17521;35
17526;43
17526;57
17527;31
17527;20
17527;38
17529;21
17533;29
17534;47
17536;49
17536;61
17537;45
17537;43
17539;58
17539;55
17541;48
17541;43
17545;61
17546;43
17549;34
17552;38
17552;40
17554;43
17556;52
17559;37
17561;62
17562;56
17565;59
17565;49
17568;49
17570;23
17573;27
17576;32
17576;51
17578;25
17580;45
17581;40
17584;53
17588;53
17588;68
17588;18
17588;46
17589;34
17589;22
17590;61
17591;57
17591;44
17593;39
17595;33
17595;45
17595;28
17598;55
17599;54
17599;28
17599;59
17602;44
17605;45
17608;39
17608;66
17609;34
17612;70
17614;72
17617;21
17617;35
17618;55
17618;55
17618;64
17621;33
17621;28
17622;40
17624;22
17625;21
17627;29
17630;50
17631;23
17632;56
17635;48
17637;76
17641;42
17642;29
17645;41
17645;40
17647;31
17648;28
17652;62
17654;34
17655;24
17657;41
17657;21
17660;66
17661;65
17661;56
17662;38
17662;31
17663;72
17665;50
17665;28
17667;40
17667;34
17667;30
17670;73
17670;21
17671;67
17671;57
17673;21
17675;31
17677;59
17679;38
17688;24
17688;53
17692;44
17695;50
17695;24
17696;55
17697;47
17702;54
17705;61
17705;29
17706;41
17708;51
17710;40
17711;47
17711;45
17714;48
17716;33
17717;28
17718;41
17718;40
17721;55
17726;57
17728;45
17733;43
17734;42
17736;48
17736;46
17736;59
17738;40
17738;62
17741;34
17745;34
17747;54
17749;29
17751;49
17752;28
17755;46
17759;51
17761;64
17762;38
17766;45
17770;52
17772;50
17773;18
17773;48
17774;45
17778;51
17781;40
17782;29
17784;21
17788;20
17789;35
17789;27
17789;72
17790;57
17791;61
17793;55
17793;47
17794;49
17795;40
17796;55
17798;50
17802;40
17803;48
17804;27
17804;43
17804;33
17805;55
17806;42
17808;44
17809;56
17809;38
17810;47
17811;20
17812;28
17813;26
17813;34
17815;29
17815;32
17818;41
17830;41
17831;29
17831;57
17834;39
17836;25
17840;65
17840;23
17849;46
17849;32
17852;27
17852;49
17855;40
17855;50
17856;39
17856;75
17857;56
17857;20
17861;26
17862;47
17862;28
17863;34
17864;55
17867;48
17870;42
17871;55
17871;55
17871;52
17876;53
17880;52
17881;57
17887;36
17889;59
17894;50
17896;44
17898;37
17899;32
17900;36
17900;27
17902;53
17904;52
17905;64
17906;65
17906;21
17911;60
17914;51
17914;51
17915;41
17918;55
17922;25
17922;53
17924;35
17927;33
17927;27
17928;40
17929;60
17929;34
17929;57
17938;50
17939;24
17940;24
17940;41
17940;33
17941;36
17941;23
17943;42
17945;56
17946;33
17947;54
17947;56
17947;55
17949;62
17950;43
17952;49
17953;30
17953;28
17954;27
17955;57
17956;37
17958;54
17960;27
17961;66
17964;31
17964;28
17970;40
17972;33
17973;59
17973;52
17974;59
17980;32
17983;62
17984;52
17984;49
17985;28
17986;58
17989;25
17992;49
17995;46
17995;36
17995;25
17995;42
18002;40
18006;28
18006;45
18007;60
18008;32
18010;52
18011;34
18012;26
18013;44
18019;25
18020;46
18020;58
18024;31
18024;57
18029;51
18029;59
18032;36
18033;36
18035;42
18035;52
18036;66
18038;26
18038;22
18039;21
18046;28
18050;35
18051;67
18058;63
18065;20
18066;37
18067;60
18069;51
18076;74
18076;60
18080;27
18083;67
18084;55
18087;31
18087;39
18088;31
18090;28
18091;43
18092;40
18092;35
18095;66
18100;39
18101;39
18102;42
18105;43
18106;75
18107;44
18115;36
18116;33
18116;29
18117;31
18118;34
18121;34
18126;47
18134;51
18134;39
18136;30
18139;46
18139;49
18142;38
18143;30
18144;46
18144;48
18149;32
18151;61
18154;44
18158;55
18159;31
18160;31
18160;37
18162;51
18162;51
18163;53
18168;46
18170;50
18172;48
18172;42
18172;30
18172;48
18173;44
18176;52
18177;46
18180;33
18181;30
18184;42
18184;50
18191;18
18195;30
18196;55
18197;58
18197;27
18198;47
18201;41
18202;38
18203;45
18203;38
18206;35
18207;36
18212;21
18215;29
18216;38
18218;32
18219;59
18219;60
18221;24
18229;36
18230;22
18235;42
18246;26
18247;63
18250;59
18251;53
18253;50
18253;47
18256;43
18257;60
18258;55
18259;50
18260;27
18261;30
18269;29
18270;46
18272;28
18273;28
18275;25
18276;28
18278;51
18278;40
18278;60
18284;22
18289;50
18290;30
18292;61
18292;57
18294;28
18294;38
18296;53
18301;41
18303;25
18309;23
18313;44
18317;27
18317;38
18319;39
18321;30
18325;27
18328;36
18329;39
18331;25
18334;38
18334;25
18336;32
18338;49
18340;40
18340;53
18350;32
18352;29
18361;29
18362;20
18366;33
18366;50
18369;38
18370;24
18374;44
18376;52
18376;31
18376;29
18381;56
18382;42
18382;37
18390;37
18394;36
18398;40
18400;52
18402;52
18403;42
18404;57
18407;25
18408;55
18412;56
18412;27
18412;54
18415;28
18417;28
18419;36
18422;60
18423;27
18426;41
18430;56
18431;47
18431;35
18434;50
18435;59
18436;38
18442;29
18443;42
18443;26
18443;46
18448;49
18454;62
18454;63
18455;52
18456;54
18458;60
18463;59
18463;65
18464;41
18471;69
18473;53
18473;33
18475;41
18475;46
18477;68
18478;51
18485;32
18488;51
18491;35
18494;35
18498;38
18507;58
18508;26
18509;34
18509;55
18511;52
18514;35
18515;33
18527;51
18529;36
18533;35
18535;35
18535;28
18536;42
18537;63
18537;38
18537;54
18539;52
18540;42
18540;39
18542;25
18545;29
18545;53
18547;33
18547;33
18547;32
18555;58
18555;60
18560;63
18561;46
18562;33
18563;50
18564;31
18576;28
18584;32
18586;51
18588;42
18593;31
18597;64
18600;36
18600;28
18601;48
18602;28
18603;20
18605;28
18608;31
18608;50
18628;53
18629;34
18629;41
18630;50
18631;36
18631;53
18637;29
18638;30
18639;46
18645;31
18648;32
18650;42
18650;18
18655;44
18659;27
18659;28
18662;43
18669;42
18670;57
18676;25
18677;58
18678;35
18682;41
18683;51
18696;48
18697;33
18701;26
18703;26
18704;55
18704;57
18709;55
18717;58
18717;35
18726;36
18728;20
18728;46
18730;58
18733;56
18736;46
18736;45
18737;35
18737;60
18741;39
18741;37
18743;42
18746;59
18746;60
18748;60
18748;36
18749;22
18749;53
18753;53
18754;34
18756;32
18757;25
18759;26
18761;55
18762;47
18762;36
18764;29
18765;62
18767;27
18767;50
18780;61
18782;48
18783;48
18791;25
18792;25
18795;36
18797;27
18802;53
18805;63
18806;58
18807;24
18808;71
18812;41
18820;44
18823;44
18825;57
18826;48
18830;38
18833;49
18833;59
18834;44
18834;53
18840;60
18841;69
18844;24
18844;52
18846;58
18851;59
18853;59
18856;44
18861;42
18861;42
18865;26
18865;21
18865;64
18868;27
18869;69
18870;52
18871;55
18871;33
18872;33
18875;46
18880;63
18887;45
18894;36
18898;47
18903;52
18907;28
18912;52
18913;37
18915;50
18916;40
18916;58
18917;39
18920;46
18922;47
18922;22
18925;40
18927;30
18933;54
18941;60
18947;23
18949;58
18961;62
18962;76
18962;51
18971;29
18971;53
18972;50
18978;60
18982;46
18987;52
18989;56
18989;49
18989;29
18990;48
18990;28
18996;47
18996;50
19003;49
19008;27
19014;31
19016;72
19017;47
19017;28
19022;64
19031;39
19032;27
19044;77
19045;59
19052;36
19052;21
19053;30
19060;26
19060;52
19066;33
19069;64
19073;38
19076;59
19076;56
19079;59
19079;38
19081;67
19081;28
19081;33
19084;42
19086;58
19087;39
19092;47
19092;26
19092;26
19092;40
19095;64
19095;22
19095;36
19099;58
19103;51
19103;33
19104;57
19109;27
19113;59
19115;59
19119;28
19119;55
19124;45
19125;70
19125;43
19125;22
19126;55
19128;51
19128;20
19128;45
19135;36
19140;43
19144;53
19144;61
19146;38
19148;69
19149;40
19149;42
19152;53
19153;61
19156;37
19156;37
19159;65
19160;38
19161;34
19164;26
19167;51
19173;64
19176;47
19177;54
19177;28
19191;65
19201;50
19215;55
19221;51
19225;58
19225;54
19227;36
19229;24
19229;32
19231;45
19236;30
19237;39
19237;50
19239;46
19241;36
19242;40
19246;54
19258;37
19270;53
19275;24
19277;29
19282;58
19282;68
19286;47
19287;53
19289;30
19291;55
19291;45
19302;65
19302;39
19304;47
19305;28
19306;59
19317;43
19322;35
19327;24
19328;30
19333;66
19335;21
19335;53
19338;51
19344;49
19345;54
19349;31
19349;58
19351;66
19352;58
19352;29
19359;51
19359;36
19362;57
19370;57
19371;56
19373;57
19378;29
19385;32
19387;35
19388;34
19389;67
19390;23
19391;49
19391;48
19391;33
19405;64
19411;57
19414;57
19414;77
19416;21
19417;67
19428;33
19441;46
19443;70
19443;64
19446;46
19451;50
19452;60
19456;22
19462;67
19464;49
19465;26
19466;41
19469;27
19469;66
19474;48
19474;59
19475;60
19480;64
19480;49
19488;47
19492;27
19494;49
19495;49
19495;39
19496;26
19496;51
19501;31
19502;42
19503;21
19506;63
19519;39
19522;22
19523;36
19524;53
19538;63
19539;64
19543;34
19544;43
19546;60
19554;45
19562;36
19567;35
19571;56
19578;63
19579;66
19581;35
19585;37
19593;33
19593;32
19595;65
19598;25
19603;34
19606;48
19609;37
19611;37
19613;43
19617;34
19617;64
19618;70
19619;56
19623;48
19624;58
19642;20
19646;20
19656;50
19658;51
19660;49
19661;29
19662;47
19664;37
19668;67
19668;22
19669;50
19669;53
19670;41
19671;58
19672;61
19672;30
19674;39
19674;30
19677;46
19679;68
19681;38
19695;42
19707;57
19719;39
19727;52
19745;28
19747;31
19750;47
19752;44
19756;38
19760;54
19760;20
19761;54
19766;58
19767;61
19768;48
19774;56
19781;37
19799;25
19803;37
19803;25
19807;59
19808;29
19811;29
19811;30
19829;50
19829;25
19834;35
19842;31
19847;36
19850;57
19851;56
19853;51
19853;36
19854;61
19855;49
19858;27
19863;30
19868;26
19869;33
19877;39
19880;46
19881;35
19881;65
19883;38
19885;35
19889;47
19901;33
19904;27
19909;48
19909;70
19918;54
19919;74
19930;30
19933;58
19941;61
19945;52
19949;26
19949;35
19955;52
19958;19
19968;36
19971;53
19974;51
19974;42
19977;66
19984;59
19990;42
19991;25
19992;24
19992;61
19993;44
19997;41
20004;24
20005;26
20008;54
20010;35
20011;35
20011;57
20011;39
20022;54
20025;31
20030;41
20030;56
20035;44
20039;23
20039;33
20040;50
20045;37
20053;57
20057;57
20057;66
20060;55
20061;60
20068;48
20071;31
20078;55
20080;24
20081;53
20086;20
20086;60
20093;33
20118;64
20120;22
20124;50
20127;34
20128;38
20130;40
20141;55
20144;52
20144;61
20145;61
20146;52
20147;70
20150;52
20152;75
20154;28
20157;56
20164;27
20165;32
20169;27
20173;53
20178;24
20179;41
20183;56
20186;49
20187;63
20191;57
20201;41
20206;27
20212;36
20216;31
20222;28
20223;54
20227;60
20228;41
20238;32
20240;52
20248;32
20250;32
20256;55
20265;27
20274;36
20284;49
20294;49
20298;30
20303;27
20313;33
20317;55
20323;26
20325;29
20334;34
20337;39
20354;28
20367;28
20368;19
20376;66
20389;33
20391;56
20396;51
20403;63
20404;70
20413;70
20414;62
20415;59
20416;43
20417;66
20419;35
20425;26
20435;39
20450;67
20456;52
20459;32
20462;28
20466;61
20467;33
20469;31
20470;45
20475;36
20475;29
20493;21
20498;53
20504;58
20510;23
20515;54
20517;37
20521;57
20521;38
20532;58
20532;49
20536;75
20536;53
20537;38
20543;64
20544;61
20546;40
20556;38
20556;61
20558;43
20562;26
20568;48
20577;44
20594;29
20597;50
20597;43
20600;63
20610;57
20621;32
20621;61
20623;74
20626;31
20627;59
20632;34
20639;46
20640;51
20640;39
20640;23
20662;24
20681;41
20685;20
20688;29
20691;29
20698;54
20701;21
20701;20
20713;35
20714;34
20716;66
20723;33
20723;56
20727;48
20749;80
20751;35
20755;28
20755;27
20762;55
20765;46
20792;37
20792;41
20795;48
20799;27
20803;53
20809;53
20815;21
20822;53
20826;47
20826;58
20834;32
20841;47
20858;52
20861;67
20870;33
20882;53
20887;43
20892;29
20904;58
20911;59
20914;71
20950;24
20959;51
20965;21
20965;21
20967;22
20983;43
20992;42
21011;46
21023;66
21026;55
21041;72
21049;27
21052;62
21057;49
21077;58
21082;57
21083;37
21086;54
21087;26
21094;52
21095;74
21096;61
21109;56
21113;66
21113;68
21113;31
21124;27
21133;40
21143;39
21155;51
21179;66
21184;72
21185;38
21185;70
21188;50
21194;28
21205;66
21215;67
21217;26
21220;37
21226;79
21232;55
21234;40
21241;36
21243;45
21243;51
21252;28
21262;37
21268;43
21270;62
21293;67
21300;57
21300;27
21309;37
21314;54
21325;46
21328;66
21335;55
21336;64
21337;59
21347;29
21368;54
21369;61
21371;20
21382;45
21404;22
21418;55
21425;57
21451;27
21465;58
21468;64
21475;59
21485;37
21494;36
21503;52
21506;55
21526;39
21529;30
21535;59
21543;38
21551;32
21566;51
21577;49
21577;51
21594;58
21600;55
21611;49
21612;30
21628;34
21638;21
21638;22
21641;56
21655;52
21675;60
21679;80
21689;48
21698;55
21698;45
21698;58
21702;23
21705;57
21716;77
21718;43
21732;73
21753;62
21768;47
21780;48
21781;38
21786;58
21802;38
21820;53
21821;55
21827;22
21851;69
21860;53
21867;50
21868;58
21872;50
21880;52
21884;27
21888;21
21895;54
21902;67
21906;47
21920;50
21931;59
21950;49
21977;72
21981;33
22005;59
22008;58
22011;38
22020;54
22031;48
22038;36
22053;34
22107;39
22117;59
22117;24
22130;22
22189;53
22198;57
22199;51
22232;50
22311;36
22350;45
22350;45
22362;43
22372;48
22379;44
22379;75
22406;40
22407;29
22408;28
22410;48
22418;53
22432;32
22439;75
22439;56
22444;67
22477;33
22481;69
22487;29
22487;45
22510;75
22529;74
22542;62
22568;51
22607;59
22613;62
22615;50
22634;21
22635;65
22635;59
22643;56
22651;56
22659;54
22671;56
22688;30
22717;58
22727;41
22749;80
22750;69
22779;49
22788;34
22822;50
22825;73
22826;61
22826;51
22908;65
22913;59
22916;29
22934;64
22950;51
22968;77
22976;48
23004;72
23013;53
23018;27
23088;61
23094;28
23135;79
23144;77
23189;47
23264;62
23332;64
23359;55
23573;43
23624;53
23660;40
23733;70
23819;70
23854;75
23967;65
23993;74
24133;76
24165;66
24263;52
24359;77
25164;31
8139;31
8405;37
8459;26
8474;37
8477;26
8553;33
8693;30
8964;41
8969;41
9028;32
9037;35
9061;33
9100;30
9106;38
9113;36
9128;38
9223;34
9227;45
9264;25
9285;34
9328;30
9361;38
9415;44
9427;43
9448;40
9538;41
9586;29
9589;38
9595;55
9601;36
9634;39
9634;35
9641;32
9641;40
9657;32
9659;47
